source_id,source_row,time_s,speed_rpm,fuel_lbm_s,acceleration_rpm_s
1,2001,30,9000,0.981086914681697,-2.40285958655064e-11
1,3038,45.555,9858.14219316615,4.14102855537949,800.311720068912
1,3083,46.23,9922.25488796118,1.75620534018022,-682.993587591825
1,3186,47.775,9189.23971779272,2.91713739905891,931.088171828107
1,3107,46.59,9577.41110982387,0.506156889031813,-1145.12375509276
2,3942,59.115,9406.78593748328,1.75239740363294,49.9748797956334
1,2175,32.61,9695.2652228786,2.98152023599054,402.395724614384
1,3012,45.165,9473.30673807131,3.78676459718285,1072.87892047895
1,3129,46.92,9213.55486295658,0.186930229654261,-946.886715165339
1,3173,47.58,9044.85178526957,1.90455813259184,554.920763331944
1,2612,39.165,9988.63878827509,2.58268659681005,-240.803019205087
1,2583,38.73,9981.7225970915,3.39836117217844,244.341185104746
1,2650,39.735,9698.5406335871,1.22477806693118,-735.852696913317
2,4254,63.795,9640.34942123593,2.24065718974207,49.9548434193782
2,5396,80.925,9257.92695140639,1.19468271248046,-150.249892452049
1,2519,37.77,9442.6233112419,2.90570344263659,688.217325946627
1,2498,37.455,9240.49055852431,2.31744622730935,581.299148969567
1,2550,38.235,9754.73469206357,3.52326152225726,612.740887891312
1,2359,35.37,9482.47784509818,1.00954796410949,-581.145803052952
1,2678,40.155,9365.47299920151,0.580314273899253,-787.658982330369
1,3145,47.16,9034.84273337385,0.461231895658047,-473.093561306691
1,3023,45.33,9648.14779551885,4.09822291967324,1020.24449178483
1,3003,45.03,9333.40308639016,3.34028927419697,994.496856180882
1,2134,31.995,9440.90630532899,2.40482382695315,408.455012597928
1,2060,30.885,9087.3480572399,1.41350450185575,204.856606939417
2,2815,42.21,9801.18144019352,2.49248393526696,-25.1559654753537
2,5250,78.735,9587.84955964697,1.81246763009494,-150.377958068779
1,2096,31.425,9229.77164958962,1.86024432471328,323.842869273157
1,2394,35.895,9193.48776588037,0.674955752821724,-479.531026609924
1,2326,34.875,9751.31370036626,1.67271282366146,-482.766594345214
2,4813,72.18,9951.3444247796,2.98810541798894,59.9399782141074
1,2623,39.33,9936.58450865271,2.19688803025249,-408.914695147737
1,3049,45.72,9967.08395289043,3.80095116490944,479.941185847914
1,3100,46.485,9694.05566645442,0.791327519732525,-1075.67148935867
1,3089,46.32,9853.73641006118,1.37512330272311,-862.442716771047
1,2156,32.325,9577.77397608286,2.71664106906638,415.508107870044
1,2530,37.935,9556.88282496808,3.15698123775852,686.255381402283
1,3178,47.655,9091.58735481717,2.27957841093403,717.705583948028
1,2199,32.97,9831.65010726663,3.21095709327667,344.516146521307
1,2802,42.015,9614.16321099148,3.67251215321756,870.55228338782
1,3119,46.77,9370.74327038501,0.220992916731642,-1120.66058386714
2,5343,80.13,9377.46298470867,1.40366222544374,-150.532237288907
1,2814,42.195,9764.3779032824,3.86709818554637,780.29200782423
2,5448,81.705,9140.63611929534,1.00033687142127,-150.521282067548
1,2509,37.62,9342.06257029041,2.6394023236479,651.733068520939
2,2427,36.39,9241.26500779442,1.52704721589324,99.9025401115127
1,3182,47.715,9137.17239735697,2.59260291842777,828.953745245736
1,2793,41.88,9493.77966069115,3.44401865897116,903.176646603077
2,4712,70.665,9860.53115881997,2.76941558799656,59.9485761447623
1,2312,34.665,9843.82785909814,1.99761564461247,-401.095155049454
1,2565,38.46,9880.54033616904,3.58622913905753,482.247642392877
1,2119,31.77,9351.85007818828,2.18887529570719,382.926812653356
2,2624,39.345,9536.14189874941,2.08327441015256,99.4444602856517
1,2669,40.02,9474.71887474273,0.712158382913851,-816.573105238055
1,2348,35.205,9576.88005924255,1.20951927704689,-564.146006692159
1,2780,41.685,9323.7224972525,2.95490201462487,828.530042984364
1,2539,38.07,9648.36541677845,3.34737504366704,665.388915645775
2,5174,77.595,9759.04590823245,2.19920065187056,-150.462665146559
1,3113,46.68,9473.88263133399,0.329809758733147,-1153.47013096349
1,3169,47.52,9016.77266663786,1.62546081636366,415.651592398359
1,2371,35.55,9377.81539613439,0.850894102587178,-571.426159596986
1,2740,41.085,9000.35411091972,1.24924140803237,191.472026451065
2,5287,79.29,9504.36930824248,1.63399198904826,-150.432585687675
1,3007,45.09,9394.16524063337,3.55923372574105,1039.79231969275
1,3137,47.04,9109.87918771218,0.271520580555698,-740.69134032265
1,3030,45.435,9751.9479866267,4.1887270552711,939.614132089605
1,2423,36.33,9032.27499254428,0.72998155472055,-234.380096635515
1,2659,39.87,9595.68094176977,0.951162197896588,-791.5887006634
2,5215,78.21,9666.76030727042,1.98797926854627,-150.199563778485
1,3093,46.38,9799.85475776182,1.14657693300749,-952.237739991024
1,3017,45.24,9553.84676958206,3.9554984745685,1064.50992545792
1,2490,37.335,9174.99851822519,2.08011533597239,516.507853792731
2,2732,40.965,9697.587504065,2.45398951314578,99.6995305302377
1,2335,35.01,9683.35670427863,1.47146625368804,-526.956234290673
1,2773,41.58,9241.20288109992,2.63843912814461,752.330800666016
1,2687,40.29,9262.96936158575,0.500013965105495,-720.105255720442
1,2823,42.33,9862.65505693549,3.86291704970331,651.662245007614
1,2077,31.14,9146.54903947754,1.60513781213905,261.643010949755
1,2382,35.715,9285.89048174788,0.745248223671747,-537.833412943717
2,5113,76.68,9896.94493538247,2.51189363750547,-151.237927250519
2,3840,57.585,9330.32274608052,1.61235809669068,49.978295000611
1,2788,41.805,9426.64127001975,3.27892964158995,887.623029124142
2,4042,60.615,9481.75014430569,1.89249854509827,49.982864391385
1,2145,32.16,9509.1858752858,2.55799379941429,417.284699397577
1,2699,40.47,9142.98369301345,0.481698955194488,-587.111543908313
2,5473,82.08,9091.33392501658,1.18831007421939,42.7173704173022
1,2901,43.5,9597.88495071936,0.733304988111037,-979.309247481949
1,2108,31.605,9290.89341129384,2.03024003720813,357.357584916388
1,2243,33.63,9991.58136188414,3.18134625372416,111.862415755149
1,2273,34.08,9994.026137495,2.79890998636366,-114.827245184478
1,2643,39.63,9772.62661840495,1.45032821551038,-680.144222246083
1,2636,39.525,9839.3754899369,1.69852927224684,-597.926915747865
2,3473,52.08,9194.20205937335,1.33533912802066,24.7966786560072
1,2873,43.08,9931.78742263934,1.98747550290739,-537.631557157693
1,3000,44.985,9289.9282227609,3.16002176886865,951.117355188559
1,2217,33.24,9915.2098906328,3.27254213431087,266.427190370999
1,2484,37.245,9131.39466335238,1.90463731220359,460.716695764324
1,2894,43.395,9697.07549828344,0.993414187914663,-912.759617351743
1,2186,32.775,9760.15591111646,3.10682783709451,381.625041345072
1,2865,42.96,9984.29067192644,2.38249580727378,-360.742559250227
1,2784,41.745,9374.25462059155,3.12498281475457,863.077524719405
1,2407,36.09,9108.19904935468,0.663652855766358,-383.848882358557
2,3316,49.725,9425.55024231796,1.56215083732149,-100.332430121484
1,2837,42.54,9973.19124191568,3.60645940518873,367.82758516703
1,2808,42.105,9691.23056100747,3.79221890243463,833.715751585378
1,3044,45.645,9924.14913952018,3.98375159163656,633.478889646242
1,2165,32.46,9633.84915887036,2.84958447156272,413.824360663324
1,2914,43.695,9404.48728769837,0.417607942910842,-984.368886524238
2,2795,41.91,9792.05685454932,2.67898043613229,100.055317741872
2,3397,50.94,9303.8218708127,1.34485996340949,-100.11747750971
1,2504,37.545,9294.42489955654,2.49549063633016,623.228503873413
1,3086,46.275,9890.06696722714,1.5614841577108,-778.237588672933
1,2921,43.8,9303.74876676959,0.344992827421135,-917.033988564165
1,2909,43.62,9479.04241587365,0.513474358840146,-996.055848529776
1,2983,44.73,9088.66188580388,2.09803171782294,622.055784786663
1,3166,47.475,9001.19774076856,1.43059990118706,311.401851925354
1,2478,37.155,9093.25549677586,1.72985385035338,396.262571651832
1,2514,37.695,9391.63347617521,2.77655385426074,673.389037248576
1,2766,41.475,9167.14563528345,2.32415390797817,666.573823870537
1,2664,39.945,9535.67393383119,0.820136066472637,-810.18408634278
1,2524,37.845,9494.52019257093,3.02549652271341,696.175511254439
2,5150,77.235,9813.24199448801,2.32087894268598,-150.62471085377
1,3184,47.745,9162.43281731208,2.75381411185666,880.872005994663
2,5422,81.315,9199.25913452703,1.0964544588406,-150.327531642673
1,2797,41.94,9547.81840596595,3.5533502642524,893.132160204323
1,2341,35.1,9635.13118616604,1.34756939657452,-546.985842784947
1,2931,43.95,9175.56356056472,0.326149562762652,-769.898593659788
1,2319,34.77,9799.73248171907,1.83478967033336,-444.235088311687
1,3180,47.685,9113.54142048663,2.43441827106215,773.832353527878
2,3135,47.01,9698.06440392559,2.13593150470626,-100.475171490659
1,3124,46.845,9288.88469755311,0.187730022760544,-1041.52005781608
1,2777,41.64,9287.36053760961,2.82035042569802,797.399217509909
1,2087,31.29,9188.12159573825,1.73691741433089,295.822473821249
2,2763,41.43,9743.96694835913,2.56664162339439,99.7683962786174
1,2770,41.535,9208.36721390059,2.50348627984801,718.185678082815
2,4352,65.265,9700.00435705899,2.29731053399823,-1.56052582378497
1,2306,34.575,9877.81771639077,2.13647198340212,-360.48394145474
1,2557,38.34,9817.01277195355,3.58142602905748,562.961755295012
1,2997,44.94,9248.59496305111,2.97193913474268,901.718837462937
2,4763,71.43,9906.38777419916,2.8790004322389,59.9405768830374
1,2655,39.81,9642.35337183968,1.06929411954594,-768.775033598942
2,4193,62.88,9594.64421438171,2.13653164450348,49.9443142974796
1,2632,39.465,9873.14777032578,1.84995865917007,-542.45848494726
1,2544,38.145,9697.74904473211,3.43867810155907,646.40941011766
1,3110,46.635,9525.72873804491,0.410555945959749,-1152.25605644751
1,2926,43.875,9236.98710572017,0.323159980604275,-848.688709066716
2,3246,48.675,9531.13218773656,1.76510811148038,-100.211123892713
1,2297,34.44,9921.68637954484,2.338084215924,-296.257867167191
1,2365,35.46,9429.94971700681,0.920178710564617,-583.61052414354
1,3096,46.425,9756.15092760166,0.988015889019366,-1008.65853397776
1,2127,31.89,9398.62245089906,2.30454276889444,397.993207694473
1,2905,43.56,9538.7088673867,0.613110250487437,-993.881347840022
1,2706,40.575,9086.197886584,0.527515069988632,-476.67337723783
1,2494,37.395,9206.76167720997,2.19835162493122,550.294251567651
1,2048,30.705,9054.64223367363,1.29720700943155,162.162181205031
2,3192,47.865,9612.30890633948,1.94216230399211,-100.233101280263
1,3149,47.22,9009.6518013027,0.587478562858036,-329.29532291639
1,2353,35.28,9534.29004222323,1.11523370895812,-572.751985048955
1,2887,43.29,9788.01178764118,1.28396402576987,-828.7949003213
1,2763,41.43,9138.5291459124,2.18857522114371,620.096048585426
1,3171,47.55,9029.76988004601,1.76215021022031,485.377011635403
1,2693,40.38,9200.09168448999,0.472713675105094,-665.279652979261
2,2358,35.355,9137.79029708197,1.3480908916038,100.133817284369
1,2673,40.08,9425.74949037232,0.643523298464178,-812.191155362291
1,2025,30.36,9013.45670363666,1.11536017821681,80.9702988323615
1,3104,46.545,9628.33413092201,0.617910597408285,-1123.23012504249
1,2898,43.455,9641.28839731514,0.838274234819079,-956.023185381762
2,5131,76.95,9856.22206629929,2.41812228581203,-151.129257982972
1,2891,43.35,9737.12683796478,1.1154789811305,-878.555557286007
1,2435,36.51,9000.66021221983,0.84603850543194,-102.541487151416
1,3034,45.495,9807.06640739882,4.18895311006876,879.534127090815
1,3116,46.725,9422.01953252096,0.265028410124126,-1146.68251065142
1,3141,47.1,9068.33042272523,0.356208220675563,-609.554994901358
1,2471,37.05,9056.41387560947,1.53549237032943,317.036932094972
1,2534,37.995,9597.87147809124,3.24325365471258,677.910053888132
2,5096,76.425,9935.87400745687,2.6105439523658,-146.302744027973
1,3020,45.285,9601.47653430211,4.03337062233311,1045.01818487927
2,2502,37.515,9353.62446687295,1.73021528557254,99.8883546954951
2,5470,82.035,9092.04292600564,1.05757011774683,-51.5528206125402
1,3005,45.06,9363.4295037495,3.45335478893889,1019.09700285714
1,2639,39.57,9811.86435855447,1.5885787383027,-636.999413908534
2,2552,38.265,9428.54587387125,1.86943257296121,99.901832919548
1,2290,34.335,9949.67261493185,2.48680298290041,-243.799615461471
1,2828,42.405,9908.81982931605,3.80333602231307,559.196345580286
2,5069,76.02,9999.82887287741,2.92348857065949,-46.6694720191208
2,5467,81.99,9097.72346539251,0.933670590857631,-150.386502695779
1,2646,39.675,9741.60778381575,1.3519757528797,-706.450246863281
1,3009,45.12,9425.49092321279,3.65696461232801,1056.30971635807
1,3075,46.11,9987.83666179421,2.25901338449965,-444.605654963263
1,3098,46.455,9725.6210062623,0.887282031864169,-1043.99267231613
1,3026,45.375,9693.62505786463,4.14889378250257,990.017038505822
1,2572,38.565,9927.42324868755,3.54403791979375,396.608488593955
2,2400,35.985,9200.79796671521,1.45616380307323,99.9427622935988
1,3078,46.155,9966.50280879376,2.07392194879587,-532.027901841255
2,2705,40.56,9657.21268755703,2.35835941430961,99.7825288382425
1,2682,40.215,9318.81532029919,0.540524596750943,-760.048200825704
2,3787,56.79,9290.57570471453,1.54086604301594,50.0159039111767
2,4093,61.38,9519.8238231034,1.96983704533989,49.7517590870388
1,3133,46.98,9158.70611368341,0.213674085881254,-854.996636749632
1,2069,31.02,9116.91275716851,1.51032629754894,236.024226445974
1,2994,44.895,9209.52974607884,2.78132080970074,850.827136781874
1,3102,46.515,9661.57451697098,0.701257987479434,-1102.42224569836
1,2330,34.935,9721.88112468344,1.58138455572726,-503.931228521379
1,2376,35.625,9335.36685564146,0.799893265501363,-557.528753152549
2,3469,52.02,9195.77723335487,1.21109522289527,-63.4695502597006
1,2917,43.74,9360.49765086546,0.378881430927994,-961.473603069411
1,2992,44.865,9184.83086056666,2.65442258414071,813.796666352907
1,2388,35.805,9238.4225683131,0.702607835978486,-511.966635614013
1,2818,42.255,9810.12886230885,3.88309033438608,730.408044613911
2,4850,72.735,9984.61016459892,3.06996059236139,59.9370406271221
1,2882,43.215,9846.5953247158,1.51466912817821,-745.106880534404
1,2102,31.515,9259.57173521044,1.94454955067885,341.14195474411
2,3088,46.305,9768.36088375821,2.30775396414481,-94.1924989084762
1,2501,37.5,9266.97752569249,2.40681728500315,603.066316276414
1,3041,45.6,9892.99500176033,4.07318283918635,720.879430081883
1,2805,42.06,9653.096738245,3.73653544203873,853.827463080889
1,3014,45.195,9505.54238222355,3.86139556033887,1076.90773958492
1,2875,43.11,9915.31804732624,1.88159344870868,-583.021010270128
1,2588,38.805,9997.77039277872,3.29811839673132,167.446641615397
2,2296,34.425,9043.78072365222,1.19270319656219,101.004010384105
1,2151,32.25,9546.63614488178,2.64184776577552,415.089214615299
1,2775,41.61,9263.94054620685,2.72929268321904,775.008056082572
1,2757,41.34,9088.13709414424,1.91625537963721,514.799695746308
2,5302,79.515,9470.25017898638,1.56859652514249,-151.783830425399
1,2229,33.42,9957.91980891344,3.25826819025533,200.592557563215
1,2937,44.04,9110.78799753504,0.376055675831391,-643.160595385849
1,2207,33.09,9871.35307417975,3.24915896171901,312.507611700764
1,2833,42.48,9947.75090049,3.70816095335659,457.099768703357
1,2889,43.32,9762.9476695198,1.19863214213616,-854.717555074211
1,2782,41.715,9348.72057327099,3.04165110963155,846.951291156553
1,2280,34.185,9979.76007781571,2.68359907584784,-165.219632355842
1,2139,32.07,9471.720995407,2.47528869001538,414.17242143286
1,2896,43.425,9669.51730178561,0.914245564104223,-935.676702281315
2,2334,34.995,9101.70227883677,1.28766405278172,100.414625105232
1,2768,41.505,9187.35606529839,2.41398397349884,694.336557547561
1,2400,35.985,9151.8253380441,0.662792414284593,-438.359151409003
2,5328,79.905,9411.35342515953,1.46380715363902,-150.754465387312
1,2487,37.29,9152.56336660583,1.99218863312168,489.412970482313
1,2885,43.26,9812.21511013015,1.3726965223553,-799.068726935794
1,2626,39.375,9917.4788066435,2.08131971328273,-455.550179677739
1,2114,31.695,9323.61607348782,2.11660568715017,371.985679663444
1,3091,46.35,9827.49083060532,1.2580306825072,-910.404778504036
1,2192,32.865,9794.0271394647,3.16258240575832,367.771382804384
1,2527,37.89,9525.81582869159,3.09224993091678,692.401448684386
1,2879,43.17,9878.18319631748,1.66799876509511,-679.1740698333
2,3375,50.61,9336.86343573981,1.40319124794638,-100.136486788769
1,2786,41.775,9400.25382978197,3.20423108351686,876.676750618263
1,2759,41.37,9103.85926768828,2.00683137604433,551.553715263311
1,2840,42.585,9988.70264633472,3.51571308024214,297.920074234158
1,2302,34.515,9898.38413935324,2.22748142474422,-332.144977408226
1,2170,32.535,9664.76443847261,2.91770355396871,409.258707621427
1,2481,37.2,9111.58943618881,1.81704254484166,429.461625085174
2,4680,70.185,9831.75262974538,2.70158246371925,59.9638263390464
2,3419,51.27,9270.78552324752,1.2870540543291,-100.104757063506
1,2987,44.79,9128.20224424403,2.34317315809112,715.039689254368
1,2863,42.93,9994.1024838309,2.47631232572313,-315.651077141214
1,2973,44.58,9017.29068282492,1.52973309743042,355.74331919082
1,2790,41.835,9453.33655081398,3.34877078033451,895.847326057545
1,2711,40.65,9052.99075008763,0.57759013383251,-390.641036900133
2,4625,69.36,9782.2393976618,2.58704304977379,60.1939505251606
1,2475,37.11,9076.44525214274,1.64427111008794,362.166547844612
1,2989,44.82,9149.95774138471,2.46653355841349,755.306636794146
2,2668,40.005,9601.85195586315,2.23107530619471,99.7011184450913
1,2180,32.685,9725.19247296413,3.04121445956229,393.611371579269
1,2414,36.195,9070.59040116203,0.681142188420663,-322.497444539965
1,2755,41.31,9073.54177721535,1.82666160843695,477.019965974557
1,2811,42.15,9728.39510168449,3.83656521422502,809.093909699343
1,2467,36.99,9039.0197876171,1.43549054251311,273.908540207781
1,2903,43.53,9568.42403593962,0.670371779634042,-988.975275887028
2,4572,68.565,9734.18576874728,2.47908963410604,61.7980268022893
2,2379,35.67,9169.3092141825,1.40175557903526,100.003676299327
1,2629,39.42,9896.30089256134,1.96525143791396,-500.248682911161
2,3071,46.05,9798.58782573769,2.40357095110972,-76.6927842097785
1,3187,47.79,9203.20604037014,2.99919807432748,955.308892250975
1,3185,47.76,9175.645897402,2.83527911288595,906.254692714367
1,2463,36.93,9024.19995471617,1.34315915739468,229.926287736667
2,5203,78.03,9693.79115803379,2.04947428197166,-150.174154906636
1,2907,43.59,9508.88040767935,0.561035562720248,-994.479664787816
1,3047,45.69,9951.28969501551,3.87849910476611,541.93384068595
1,2323,34.83,9772.56326001054,1.74194926259375,-466.829335317885
2,3118,46.755,9723.68116262088,2.19598300924199,-100.005859110696
2,5409,81.12,9228.5946943384,1.14476214642002,-150.589207142515
2,5435,81.51,9169.94502648255,1.0481843866732,-150.313219541511
1,2634,39.495,9856.67213145786,1.77386507361846,-569.305230573648
1,3183,47.73,9149.60670353566,2.67289226484977,855.074251761662
1,2160,32.385,9602.71278863894,2.77698928549439,415.671307478989
1,2577,38.64,9955.19253434105,3.49020301012775,329.927601914675
1,2338,35.055,9659.47457884859,1.40863592146434,-537.801027760677
1,2952,44.265,9005.71928447533,0.672022808713399,-250.840765491021
1,2344,35.145,9610.3937658828,1.28771462122502,-554.986566159648
1,2911,43.65,9449.15576584804,0.470539129760003,-995.377450318371
2,3714,55.695,9235.67020129146,1.44364455450619,49.9993674982674
1,2316,34.725,9819.18788656467,1.90458101236104,-426.303587585395
2,2590,38.835,9485.49265750721,1.97696129672542,99.9112944328408
1,2795,41.91,9520.86672432017,3.50098337379976,899.993830228711
1,3121,46.8,9337.31750539882,0.202668339782752,-1093.0084589867
1,2641,39.6,9792.57823711253,1.51826131325124,-659.827209978983
2,2463,36.93,9295.19392292787,1.62361106815927,99.8759783103235
1,2653,39.78,9665.12293588379,1.13090344411379,-755.795910541307
1,2620,39.285,9953.56080122106,2.3099140071729,-361.395292587598
1,2648,39.705,9720.29812046513,1.2880234080558,-721.646071615449
2,4160,62.385,9569.9260691396,2.08095969683368,49.9244392953937
1,2799,41.97,9574.5523659567,3.6027052853231,884.848547085715
1,2934,43.995,9141.77682390623,0.344936773256139,-710.608966865706
1,2356,35.325,9508.46092995135,1.06121596729204,-576.111899892621
1,3051,45.75,9981.01118259761,3.71751732888094,416.592976814059
1,2657,39.84,9619.19530872202,1.00909038032451,-781.053017515494
1,2082,31.215,9166.69020161862,1.66993791643454,278.928031746097
1,2123,31.83,9375.00739516833,2.24675843381657,390.844240113925
1,3177,47.64,9081.25014743591,2.2031188190433,689.147158750978
1,2309,34.62,9861.28286082116,2.06723034060132,-381.191450422772
1,2661,39.9,9571.86626129054,0.896174289667018,-800.593698136128
1,3175,47.61,9062.0203673204,2.05200896015164,624.087535643734
2,5276,79.125,9529.19068524189,1.68628894162515,-150.431493557566
1,2547,38.19,9726.61502710976,3.4846128514599,630.87699087921
2,3285,49.26,9472.27685561021,1.64716748664079,-100.652608993108
2,3230,48.435,9555.18304304691,1.81687035635639,-100.21309998667
1,2761,41.4,9120.6731442714,2.09775284878504,586.743287122661
1,2941,44.1,9074.37251316899,0.43275018403618,-546.271945864567
1,2753,41.28,9060.09761665921,1.73881752397507,438.375366133197
2,4332,64.965,9698.79741527784,2.37645388524479,49.9554547647984
2,3346,50.175,9380.43398141622,1.4808597374802,-100.193914352502
2,4788,71.805,9928.86607509778,2.93336068385631,59.9464979593043
2,4738,71.055,9883.90918614624,2.82506351908497,59.9435618490621
1,2362,35.415,9456.25912046586,0.961870811874363,-584.668580949017
1,2723,40.83,9000.88791094813,0.769486804771139,-164.723154869566
2,3208,48.105,9588.25446965606,1.88900862819422,-100.220918676431
1,3181,47.7,9125.14890578955,2.51308303976049,801.566104494968
1,2690,40.335,9230.93940233152,0.482423731308237,-694.906420347981
1,3174,47.595,9053.17559671955,1.97772967324306,589.651373390008
1,3126,46.875,9257.91019379394,0.183863217076398,-1004.60576441452
2,5377,80.64,9300.75602621956,1.26894467867376,-150.307335777648
2,5362,80.415,9334.58417312116,1.32807968273685,-150.379322221274
1,2666,39.975,9511.34247749237,0.774224946597465,-812.90100208461
2,5225,78.36,9644.22419185974,1.93716296644949,-150.283505712764
1,2561,38.4,9849.97079640454,3.59157128245585,525.265208918962
1,2976,44.625,9034.48572598172,1.68867158520259,435.51261549737
1,2506,37.575,9313.21527238181,2.55375720682102,635.436385869463
2,4010,60.135,9457.76105189041,1.84738375910164,49.9764710834801
1,2553,38.28,9782.03844761978,3.55429096659044,593.982996966617
1,2511,37.65,9361.68779242811,2.69515227993629,661.220898346097
2,3910,58.635,9382.79807283669,1.70813670149179,49.9746736424747
2,2486,37.275,9329.65190402695,1.68625865989488,99.8834925788967
1,3172,47.565,9037.05053522054,1.83266135545043,520.083336602353
2,3974,59.595,9430.77402198958,1.79694295935941,49.9755366573875
1,2516,37.725,9411.88779137045,2.82923928749829,680.136297397981
1,2092,31.365,9210.79222864619,1.80500666131373,311.74763262483
1,2496,37.425,9223.39083435098,2.25783687277946,566.159839962807
1,3028,45.405,9723.153664469,4.17322062164892,966.329451353554
1,2294,34.395,9934.35657102767,2.40266537164301,-274.154736328402
2,3446,51.675,9230.20717085616,1.21748013352999,-100.281104370057
1,2368,35.505,9403.75121921308,0.883819835868371,-578.651582451866
2,3157,47.34,9664.94805266771,2.06037328428937,-100.317872842377
1,2998,44.955,9262.12074561306,3.03510978974647,918.648649477706
1,2996,44.925,9235.31614382445,2.90850551255263,885.254615110719
1,2999,44.97,9275.90047535523,3.09788431718228,935.183160378374
1,2995,44.91,9222.29215313057,2.84493180789776,868.266046258753
2,2312,34.665,9068.54926908709,1.23178823064581,99.8714457954685
2,2569,38.52,9454.02144393199,1.91736418693863,99.9061170668501
2,3875,58.11,9356.56114180095,1.66006535933792,49.9758574172056
1,3001,45,9304.19498308873,3.22128102118763,966.36277753788
1,2521,37.8,9463.30203921843,2.9548355915914,692.236126460466
1,2492,37.365,9190.62418605149,2.13909045936541,533.734042886207
1,2919,43.77,9331.80110035947,0.359792089831277,-940.859439455295
2,4282,64.215,9661.33067235906,2.28905789676595,49.955665711292
1,2993,44.88,9197.03781056196,2.71777023410219,832.79570112589
2,2535,38.01,9403.07150590389,1.82179621993198,99.8976549362845
1,3085,46.26,9901.27744162155,1.62588620911524,-747.364959627107
1,3084,46.245,9912.0099841473,1.69093277128736,-715.50283505032
1,2870,43.035,9953.95507390219,2.1414710003079,-470.272016606337
2,2519,37.77,9379.09661428328,1.77724269052877,99.8933391713043
2,2644,39.645,9565.98124159869,2.14993136251453,99.5667231175036
1,3087,46.29,9878.39340339704,1.49806842580826,-807.839570397355
1,2991,44.85,9172.91286132598,2.59139155098875,794.533282712447
2,3756,56.325,9267.30063787226,1.49952370393994,50.1169679538817
1,3082,46.215,9932.00823598757,1.82122747935918,-650.223201759366
1,3002,45.015,9318.6904247518,3.28143829659806,980.844109224026
1,3147,47.19,9021.17367688399,0.52133735236636,-402.412922183261
2,5188,77.805,9727.53513593786,2.12800290761195,-149.640951140309
2,5263,78.93,9558.52285584129,1.74892302715449,-150.41055229733
2,2443,36.63,9265.23482479226,1.56962037828715,99.8416281289761
1,2696,40.425,9170.67703873835,0.472725801979652,-629.023010183235
2,4121,61.8,9540.73724712141,2.01598415935779,49.8560473806755
1,2990,44.835,9161.28734093662,2.5287526228852,775.03469262362
1,3088,46.305,9866.27580984108,1.43589342542633,-835.959985326932
2,5122,76.815,9876.60695405481,2.46569408275153,-150.702823778701
1,2671,40.05,9450.21612190479,0.675576183209608,-816.349837569369
2,5140,77.085,9835.84222664905,2.37209338074622,-150.748585785065
2,3266,48.975,9501.06874755549,1.70125202692581,-100.211909800533
1,2923,43.83,9276.43089996238,0.333789086078624,-890.671006058681
1,2014,30.195,9003.21948299226,1.04827883522231,44.8155566728067
2,5159,77.37,9792.910534306,2.27499870853904,-150.565570039789
1,2054,30.795,9070.03452968457,1.35339637909385,183.453451089902
1,3131,46.95,9185.46265339563,0.196528221620426,-903.695550555964
2,5238,78.555,9614.91376967523,1.87191965904875,-150.336810250108
2,2690,40.335,9634.76401166189,2.30643079523039,99.7608091478915
2,5492,82.365,9098.67226488218,1.12274071122942,-11.9200537640119
1,2715,40.71,9031.14341074182,0.629215612407472,-319.087323180883
1,2985,44.76,9107.70625572468,2.22039895019567,672.046959940322
1,2988,44.805,9138.92783958285,2.40470518277986,735.326786790591
1,3004,45.045,9348.32053923287,3.39764965683817,1007.26430110863
1,3054,45.795,9998.3090067237,3.58066705329513,319.59567332639
2,3174,47.595,9639.37564916667,2.00263543828029,-100.260526613958
1,3032,45.465,9779.93754337794,4.19442633470369,912.133183455331
1,2287,34.29,9959.94225000465,2.5483396521693,-220.37016342702
1,3090,46.335,9840.79976930961,1.31583593382489,-887.26258028594
1,2455,36.81,9002.89881204315,1.17638264649596,136.671583541078
1,3135,47.01,9133.45435836655,0.238793429651389,-800.487911328678
1,3036,45.525,9833.18127846351,4.17122680457018,842.222646731656
1,3139,47.07,9088.13160230441,0.310985707134934,-676.655425338739
1,2532,37.965,9577.43936860957,3.2001394617149,682.110869392766
2,5104,76.545,9917.67739439188,2.55395767976233,-155.105828982941
1,2675,40.11,9401.43600946587,0.615740984038061,-804.397793458157
1,2536,38.025,9618.17587225023,3.28585165832765,673.40818508067
1,2379,35.67,9310.41299581033,0.7713772369868,-548.32123020078
2,2610,39.135,9515.32620694952,2.03610997355127,98.6290696782643
1,3079,46.17,9958.52239026614,2.01180446310572,-560.575520370081
1,2702,40.515,9117.24018319333,0.497715967600012,-541.349704183817
1,3092,46.365,9813.83475892776,1.20164661425781,-932.000077729588
2,5082,76.215,9967.50983308977,2.6262182917337,-182.919928650057
1,3179,47.67,9102.35293857639,2.35661319141386,745.898794015691
1,3074,46.095,9994.04536214954,2.32157845554806,-413.913357021457
1,3006,45.075,9378.71595879236,3.50725884425077,1029.95212273376
1,3094,46.395,9785.57119166195,1.09269398835393,-971.310553606057
2,3302,49.515,9446.63821102691,1.60033170761204,-100.507618735705
1,2986,44.775,9117.78696012378,2.28177151349046,694.352274683514
1,3076,46.125,9981.16757696976,2.19717684043745,-474.303646921328
1,3143,47.13,9050.5600828148,0.406411674253413,-540.67108351453
2,3687,55.29,9215.57133842962,1.40315094942495,46.1933712957754
1,3081,46.2,9941.27638243705,1.88552729588681,-617.87642996543
2,5312,79.665,9447.56626004434,1.52878643727246,-150.884540802812
1,3095,46.41,9771.00153335786,1.03987393738553,-990.040383746898
1,2750,41.235,9042.12407006783,1.61268778807954,380.152615729877
1,2877,43.14,9897.48032514741,1.77451786404677,-631.01921572983
1,2842,42.615,9997.28312591147,3.44849947571258,250.06236895495
2,3330,49.935,9404.4878822038,1.52408893009557,-100.258253951512
1,3097,46.44,9741.02104959199,0.937118718028164,-1026.66955531273
1,2541,38.1,9668.27964000646,3.38588841102656,658.766535228336
1,2131,31.95,9422.64836969014,2.36203175563398,404.312145801405
1,2928,43.905,9211.73746024289,0.320550160677473,-819.837794677336
1,2142,32.115,9490.40107158042,2.51692982286105,416.869210272334
1,2148,32.205,9527.9395529149,2.59910043469455,415.783814534087
1,3008,45.105,9409.76212542876,3.60916780141874,1048.58651893551
1,3099,46.47,9709.96111617756,0.838635775078239,-1060.36331487581
2,5352,80.265,9357.14587989725,1.36776835416612,-150.451727206656
2,2805,42.06,9805.08450209996,2.56306108313639,13.1230865918708
2,2717,40.74,9675.17113026304,2.40024364896598,99.6506147805353
2,3099,46.47,9752.65600380696,2.26081261958476,-101.72251574197
2,4306,64.575,9679.31473043234,2.33085214903486,49.9557058051251
1,2385,35.76,9261.86611341423,0.722219030086025,-525.513017270604
2,3361,50.4,9357.89430914527,1.44057429546693,-100.158126309941
2,4068,61.005,9501.23996179907,1.92934093369251,49.7593900783517
2,5387,80.79,9278.21237884189,1.22977151924083,-150.268905473202
1,2984,44.745,9097.99272257568,2.15911232042945,647.568876599547
1,2269,34.02,9999.89780385215,2.85724977482556,-87.5296786758949
2,4217,63.24,9612.62539386233,2.17728434503726,49.9507388996279
1,3010,45.135,9441.33556895816,3.70254147188201,1062.94224305718
1,2680,40.185,9341.94060076119,0.559594495065626,-774.367985437343
2,2656,39.825,9583.91095929492,2.19036915752217,99.6466962510383
1,3101,46.5,9677.92059411404,0.7454946158945,-1089.73847620422
2,3814,57.195,9310.82799388691,1.57717613228419,49.9925876825358
2,5457,81.84,9120.2941772918,0.968387706889142,-150.630124841824
1,3080,46.185,9950.11375746059,1.94904503228345,-589.158334902405
2,2414,36.195,9221.7827676413,1.49278261295243,99.9145719444835
1,2111,31.65,9307.08865358561,2.07336198982224,364.876212037963
2,3432,51.465,9251.26541686769,1.25313039311927,-100.09854132642
1,2473,37.08,9066.09209723099,1.58891608579756,339.434484254348
1,2878,43.155,9888.01503691146,1.72101295724295,-655.456039598353
1,2332,34.965,9706.68646923207,1.5366283199554,-513.917225054537
1,2684,40.245,9296.12616632857,0.522972898067289,-744.862878195583
1,2835,42.51,9961.13616896293,3.66012855974645,413.07598715648
1,2328,34.905,9736.75686795332,1.62687837684503,-493.111443271738
1,2073,31.08,9131.3499527184,1.55621008074748,248.41849188952
1,2880,43.185,9867.99558526998,1.61579107351965,-702.316256280906
2,4661,69.9,9814.66053823931,2.66164294042487,59.9855947848566
1,3103,46.53,9645.0381832855,0.658710365006719,-1113.60349089961
1,2876,43.125,9906.57273217218,1.82811963295222,-606.160468318616
1,2616,39.225,9972.89524633757,2.45238462242585,-299.060487318648
1,2105,31.56,9275.04867309184,1.98727740569125,349.435443155488
1,2321,34.8,9786.31855292656,1.78831960332902,-455.705483079769
1,3105,46.56,9611.48567904637,0.578881190056062,-1132.1639359762
2,2774,41.595,9760.46903902897,2.60673340060342,100.50667777074
1,3011,45.15,9457.27970260402,3.74582798954949,1068.46903115283
1,2881,43.2,9857.46084142577,1.56462038275802,-724.367780664572
1,2346,35.175,9593.70731342708,1.24837108983454,-559.792685275821
1,2350,35.235,9559.92577863347,1.1712566152684,-568.002951823118
1,2874,43.095,9923.72294928198,1.93476703666643,-560.326797049383
2,4555,68.31,9719.21648582825,2.43477464520241,56.3260489637089
2,4832,72.465,9968.42703750136,3.03001515496073,59.9380076029824
1,2883,43.23,9835.41872150779,1.46603475264028,-764.466133493459
1,2236,33.525,9977.06809239223,3.22807929431496,157.579313747327
1,2831,42.45,9933.09181643164,3.75046952188058,499.020438582386
2,3146,47.175,9681.50276157199,2.09812038889931,-100.329467582937
1,2391,35.85,9215.59988667546,0.686683367602525,-497.025927153144
1,2099,31.47,9244.4766699542,1.90218011532733,332.588624947827
1,2065,30.96,9103.24480137309,1.46635487064113,222.562272871248
1,2816,42.225,9787.61658527357,3.87879698634753,756.841940435087
1,2314,34.695,9831.69834084476,1.95111342113386,-413.887970387464
2,2679,40.17,9618.30553692033,2.26863535964581,99.7367542206604
1,3106,46.575,9594.50322000673,0.541612686310961,-1139.4740121905
1,2277,34.14,9986.51733678283,2.73582821822871,-142.771607931979
2,5320,79.785,9429.45734301896,1.49606219324146,-150.928360209486
2,4606,69.075,9765.06809206442,2.5485307226274,60.3882810775495
1,2580,38.685,9969.41443260823,3.4481331616338,287.924850953501
2,5469,82.02,9093.43569622005,1.00318858415055,-92.8513476269164
1,2884,43.245,9823.95172950538,1.41872978944753,-782.44129168205
1,2868,43.005,9967.07210190658,2.23998703692766,-426.279412839345
2,3471,52.05,9194.27221340359,1.28117109261118,-12.7448595541147
2,4643,69.63,9798.46234001622,2.62396984971203,59.9813573105823
1,2872,43.065,9939.51271023299,2.03957072519919,-515.01917290967
1,2610,39.135,9995.21314550398,2.64486603636531,-211.866630554534
2,3219,48.27,9571.71843267004,1.85280107446225,-100.215889885034
1,2778,41.655,9299.32152587225,2.86561656195155,808.16698782481
1,3108,46.605,9560.23425349748,0.472521371360461,-1149.01384671638
1,2776,41.625,9275.56566704809,2.77486001609164,786.324704101337
1,2779,41.67,9311.44403068963,2.9105133161287,818.564437524971
1,3013,45.18,9489.3999218785,3.82530113794869,1076.16402300375
1,2568,38.505,9901.72347613528,3.57303903674355,447.012556060077
2,2346,35.175,9119.75217707741,1.31774280769639,100.250009481148
2,5195,77.91,9711.80595366862,2.09105277554605,-150.025431518437
2,4867,72.99,9999.89404028002,3.10790211482848,59.9365325291432
1,2820,42.285,9831.8266960762,3.88016796883876,701.152454874479
1,2774,41.595,9252.48784310991,2.68379266717261,763.513539795909
1,2886,43.275,9800.22907922612,1.32782389261866,-814.486105662641
1,2183,32.73,9742.81475201218,3.07490673916356,387.442905013022
1,2614,39.195,9981.19963082108,2.51892236942113,-269.544526058243
1,2469,37.02,9047.39561926037,1.48433691417221,295.182678333475
1,2781,41.7,9336.15044789727,2.99865362227286,838.008358248054
1,2772,41.565,9230.08612531863,2.59327207772887,741.117052085705
1,2042,30.615,9041.16275297078,1.24475217606558,140.903157189423
2,5166,77.475,9777.10401540251,2.23954107052244,-150.504917843724
1,2888,43.305,9775.57986413636,1.24095458215683,-842.146307770447
1,2939,44.07,9091.85111399143,0.402501350540244,-594.902474751105
2,5181,77.7,9743.25580111608,2.16406410830377,-149.965731150379
1,2892,43.365,9723.94850460549,1.0744437962635,-890.127578432729
1,2890,43.335,9750.12690619369,1.15684732285424,-866.67121526045
1,2893,43.38,9710.596590929,1.03374190617234,-901.406176370787
1,2212,33.165,9894.13789520079,3.26454860825075,290.3888320139
1,2972,44.565,9012.34573466601,1.47912702636054,329.66321059352
1,2771,41.55,9219.13999907183,2.54829859045451,729.741749786842
1,2895,43.41,9683.38410402316,0.953535737662615,-924.453482503191
1,3015,45.21,9521.69599831733,3.89501274499441,1073.78795171677
1,3109,46.62,9542.99904579673,0.440676797806758,-1151.35385012168
1,2783,41.73,9361.42484263834,3.08379079942998,855.318530214264
1,2943,44.13,9058.35127667985,0.46661491478261,-496.880388995751
2,2753,41.28,9729.00307448841,2.53007900135227,99.750397984085
1,2979,44.67,9055.29333926598,1.85872253648264,516.024644231745
1,2304,34.545,9888.31396319816,2.18222628027153,-346.319081623492
1,2769,41.52,9197.7711136616,2.4587573825871,706.406682599375
2,5090,76.335,9948.54634006389,2.65169412161525,-139.205340141815
1,2826,42.375,9891.18030082601,3.83152928374419,597.449908941418
2,2742,41.115,9712.545867865,2.49012249015862,99.7352264840007
1,2033,30.48,9024.57309392479,1.17177871083353,108.367615362435
1,3176,47.625,9071.38168035506,2.12720438724284,657.897805390002
1,2767,41.49,9177.14424264151,2.36912592710721,680.788177124806
2,5476,82.125,9093.95788283585,1.24013702963696,76.1294121372631
1,2744,41.145,9013.69884701108,1.38740586473363,271.060279858653
1,2897,43.44,9655.48215125139,0.875759500458958,-946.250262416756
1,2765,41.46,9157.37166073374,2.27906595969764,651.59830331415
2,4589,68.82,9749.62858621114,2.51336442516849,60.1382593513231
1,3111,46.65,9508.4448971982,0.382083075111289,-1151.84486782293
1,2871,43.05,9946.90099365309,2.09093098328755,-492.552228007024
1,2764,41.445,9147.83058664118,2.23387004596333,636.071606170689
2,5294,79.395,9488.51528454349,1.60138753767659,-152.114040036994
1,2300,34.485,9908.02860642133,2.27217073437137,-317.914726326577
1,2899,43.47,9626.94804953441,0.801956214002914,-964.879460919587
1,2785,41.76,9387.20078346234,3.1651507999197,870.20308797504
1,2869,43.02,9960.67791071399,2.19115140744517,-448.18912078677
2,2785,41.76,9777.04081604989,2.64442508438739,100.207632634861
1,2223,33.33,9938.03305278108,3.27145224739638,235.069053494859
1,2203,33.03,9851.97817279661,3.23208133846282,329.035691366812
1,2618,39.255,9963.69350521079,2.38261290985598,-329.914476801531
1,2742,41.115,9006.41135957031,1.31780539502485,232.858376467381
1,2762,41.415,9129.47429357824,2.14319524526763,603.656822277408
2,2475,37.11,9313.17154117541,1.65621288612857,99.8781874812514
1,2397,35.94,9172.19862814178,0.667194552352651,-459.776529762678
2,3386,50.775,9320.34256691478,1.37394965923164,-100.128426387044
1,2760,41.385,9112.13257341723,2.05228198963643,569.371390278037
2,3408,51.105,9287.30326502221,1.31589592910421,-100.109488291837
1,3077,46.14,9974.05302226595,2.13561034059654,-503.347564812624
1,3112,46.665,9491.16722418085,0.355186578183287,-1152.30618979089
2,2634,39.495,9551.05675150847,2.11639140707726,99.4399450539762
1,2900,43.485,9612.47485762062,0.766935637879315,-972.660460083741
1,2758,41.355,9095.85908958043,1.96146376961565,533.345207189589
1,2787,41.79,9413.40398104124,3.24217144647489,882.485931900455
1,3053,45.78,9993.0269916877,3.62787998772509,352.134335732744
1,3016,45.225,9537.80281759308,3.92626281117291,1069.59679926552
2,4696,70.425,9846.1428218825,2.73541137207101,59.9543235320315
1,2418,36.255,9052.09252826792,0.69923534128957,-284.163134257612
1,2189,32.82,9777.24141424714,3.13636836939079,375.46166079692
1,2945,44.16,9043.82824792675,0.504631741140545,-445.170558773657
2,3256,48.825,9516.10067666896,1.73306010544433,-100.212307053736
2,3457,51.84,9213.6733059683,1.19003753886409,-100.172780622263
1,3114,46.695,9456.58057936954,0.306122559982927,-1153.11834432646
1,2756,41.325,9080.69707670497,1.87129133080638,496.001162618102
2,5335,80.01,9395.53162592069,1.43572622709165,-150.608827528124
1,3018,45.255,9569.81441846393,3.98298497501239,1058.66125148606
2,3735,56.01,9251.50720866902,1.47170733620771,50.2332530135124
2,5369,80.52,9318.79558586869,1.30041749643132,-150.348891158117
1,2902,43.515,9583.19531200714,0.70111335634112,-984.751737834151
