scenario,rpm,fraction,shape,method,edge,start_s,ramp_s,valid,peak_rpm,recovery_from_start_s,recovery_after_ramp_s
9000rpm_05pct_ramps,9000,0.05,ramps,PI,apply,10.005,0.3,True,5.324654973079305,1.0350000000000055,0.7350000000000054
9000rpm_05pct_ramps,9000,0.05,ramps,PI,remove,15.0,0.3,True,5.214558280080382,1.0499999999999972,0.7499999999999971
9000rpm_05pct_ramps,9000,0.05,ramps,PI,apply,30.0,1.5,True,1.964547513760408,1.7849999999999966,0.2849999999999966
9000rpm_05pct_ramps,9000,0.05,ramps,PI,remove,40.005,1.5,True,1.9315296814893372,1.7850000000000037,0.2850000000000037
9000rpm_05pct_ramps,9000,0.05,ramps,PI,apply,60.0,3.0,True,1.0195769640704384,3.0450000000000017,0.045000000000001705
9000rpm_05pct_ramps,9000,0.05,ramps,PI,remove,75.0,3.0,True,1.020323908469436,2.9850000000000136,0
9000rpm_05pct_ramps,9000,0.05,ramps,DOB,apply,10.005,0.3,True,5.1615595218900125,0.8249999999999975,0.5249999999999975
9000rpm_05pct_ramps,9000,0.05,ramps,DOB,remove,15.0,0.3,True,5.055424607009627,0.8250000000000028,0.5250000000000028
9000rpm_05pct_ramps,9000,0.05,ramps,DOB,apply,30.0,1.5,True,1.5652430297795945,1.6650000000000063,0.16500000000000625
9000rpm_05pct_ramps,9000,0.05,ramps,DOB,remove,40.005,1.5,True,1.5668675561300915,1.6499999999999986,0.14999999999999858
9000rpm_05pct_ramps,9000,0.05,ramps,DOB,apply,60.0,3.0,True,0.7838397782106767,0.0,0
9000rpm_05pct_ramps,9000,0.05,ramps,DOB,remove,75.0,3.0,True,0.7818216192208638,0.0,0
9000rpm_05pct_ramps,9000,0.05,ramps,LESO,apply,10.005,0.3,True,5.160579732149927,0.8399999999999981,0.539999999999998
9000rpm_05pct_ramps,9000,0.05,ramps,LESO,remove,15.0,0.3,True,5.053798364679096,0.8400000000000034,0.5400000000000034
9000rpm_05pct_ramps,9000,0.05,ramps,LESO,apply,30.0,1.5,True,1.5773462877405109,1.6650000000000063,0.16500000000000625
9000rpm_05pct_ramps,9000,0.05,ramps,LESO,remove,40.005,1.5,True,1.5779079714902764,1.6649999999999991,0.16499999999999915
9000rpm_05pct_ramps,9000,0.05,ramps,LESO,apply,60.0,3.0,True,0.7899056045207544,0.0,0
9000rpm_05pct_ramps,9000,0.05,ramps,LESO,remove,75.0,3.0,True,0.7880086408804345,0.0,0
9000rpm_05pct_ramps,9000,0.05,ramps,UDE,apply,10.005,0.3,True,4.676500830630175,0.8249999999999975,0.5249999999999975
9000rpm_05pct_ramps,9000,0.05,ramps,UDE,remove,15.0,0.3,True,4.591394581659188,0.8250000000000028,0.5250000000000028
9000rpm_05pct_ramps,9000,0.05,ramps,UDE,apply,30.0,1.5,True,1.515972985069311,1.6500000000000057,0.15000000000000568
9000rpm_05pct_ramps,9000,0.05,ramps,UDE,remove,40.005,1.5,True,1.5017698215306154,1.6499999999999986,0.14999999999999858
9000rpm_05pct_ramps,9000,0.05,ramps,UDE,apply,60.0,3.0,True,0.7661718590097735,0.0,0
9000rpm_05pct_ramps,9000,0.05,ramps,UDE,remove,75.0,3.0,True,0.7688932281598682,0.0,0
9000rpm_05pct_ramps,9000,0.05,ramps,GPIO,apply,10.005,0.3,True,4.920069481020619,0.7649999999999952,0.46499999999999525
9000rpm_05pct_ramps,9000,0.05,ramps,GPIO,remove,15.0,0.3,True,4.822404424239721,0.7650000000000006,0.4650000000000006
9000rpm_05pct_ramps,9000,0.05,ramps,GPIO,apply,30.0,1.5,True,1.4152796848302387,1.6350000000000051,0.13500000000000512
9000rpm_05pct_ramps,9000,0.05,ramps,GPIO,remove,40.005,1.5,True,1.3964929455505626,1.634999999999998,0.134999999999998
9000rpm_05pct_ramps,9000,0.05,ramps,GPIO,apply,60.0,3.0,True,0.7576673611001752,0.0,0
9000rpm_05pct_ramps,9000,0.05,ramps,GPIO,remove,75.0,3.0,True,0.7520193574091536,0.0,0
9000rpm_05pct_ramps,9000,0.05,ramps,GPR_FF,apply,10.005,0.3,True,5.324654973079305,1.0350000000000055,0.7350000000000054
9000rpm_05pct_ramps,9000,0.05,ramps,GPR_FF,remove,15.0,0.3,True,5.51470957148922,1.0049999999999955,0.7049999999999954
9000rpm_05pct_ramps,9000,0.05,ramps,GPR_FF,apply,30.0,1.5,True,1.9645475138804613,1.7849999999999966,0.2849999999999966
9000rpm_05pct_ramps,9000,0.05,ramps,GPR_FF,remove,40.005,1.5,True,1.9507199114905234,1.7700000000000031,0.2700000000000031
9000rpm_05pct_ramps,9000,0.05,ramps,GPR_FF,apply,60.0,3.0,True,1.0195769640704384,3.0450000000000017,0.045000000000001705
9000rpm_05pct_ramps,9000,0.05,ramps,GPR_FF,remove,75.0,3.0,True,1.0219910244995845,2.9850000000000136,0
9000rpm_10pct_ramps,9000,0.1,ramps,PI,apply,10.005,0.3,True,10.67723870295049,1.3500000000000032,1.0500000000000032
9000rpm_10pct_ramps,9000,0.1,ramps,PI,remove,15.0,0.3,True,10.456758105790868,1.3799999999999955,1.0799999999999954
9000rpm_10pct_ramps,9000,0.1,ramps,PI,apply,30.0,1.5,True,3.9501342726507573,2.1299999999999955,0.6299999999999955
9000rpm_10pct_ramps,9000,0.1,ramps,PI,remove,40.005,1.5,True,3.901301253339625,2.145000000000003,0.6450000000000031
9000rpm_10pct_ramps,9000,0.1,ramps,PI,apply,60.0,3.0,True,2.0542421532991284,3.3149999999999977,0.3149999999999977
9000rpm_10pct_ramps,9000,0.1,ramps,PI,remove,75.0,3.0,True,2.0421210425793106,3.3149999999999977,0.3149999999999977
9000rpm_10pct_ramps,9000,0.1,ramps,DOB,apply,10.005,0.3,True,10.351108737770119,1.0050000000000043,0.7050000000000043
9000rpm_10pct_ramps,9000,0.1,ramps,DOB,remove,15.0,0.3,True,10.140104650470676,1.0349999999999966,0.7349999999999965
9000rpm_10pct_ramps,9000,0.1,ramps,DOB,apply,30.0,1.5,True,3.1449862429708446,1.8449999999999989,0.34499999999999886
9000rpm_10pct_ramps,9000,0.1,ramps,DOB,remove,40.005,1.5,True,3.1335894856401865,1.8599999999999923,0.3599999999999923
9000rpm_10pct_ramps,9000,0.1,ramps,DOB,apply,60.0,3.0,True,1.5652430297795945,3.1650000000000063,0.16500000000000625
9000rpm_10pct_ramps,9000,0.1,ramps,DOB,remove,75.0,3.0,True,1.5661855247508356,3.1500000000000057,0.15000000000000568
9000rpm_10pct_ramps,9000,0.1,ramps,LESO,apply,10.005,0.3,True,10.34935317288,1.020000000000005,0.7200000000000049
9000rpm_10pct_ramps,9000,0.1,ramps,LESO,remove,15.0,0.3,True,10.137213437410537,1.0499999999999972,0.7499999999999971
9000rpm_10pct_ramps,9000,0.1,ramps,LESO,apply,30.0,1.5,True,3.1713388345997373,1.8449999999999989,0.34499999999999886
9000rpm_10pct_ramps,9000,0.1,ramps,LESO,remove,40.005,1.5,True,3.1582160540292534,1.874999999999993,0.3749999999999929
9000rpm_10pct_ramps,9000,0.1,ramps,LESO,apply,60.0,3.0,True,1.5773462877496058,3.1650000000000063,0.16500000000000625
9000rpm_10pct_ramps,9000,0.1,ramps,LESO,remove,75.0,3.0,True,1.5781614242805517,3.1500000000000057,0.15000000000000568
9000rpm_10pct_ramps,9000,0.1,ramps,UDE,apply,10.005,0.3,True,9.376818246129915,1.079999999999993,0.7799999999999929
9000rpm_10pct_ramps,9000,0.1,ramps,UDE,remove,15.0,0.3,True,9.205328537269452,1.0949999999999989,0.7949999999999988
9000rpm_10pct_ramps,9000,0.1,ramps,UDE,apply,30.0,1.5,True,3.050296951960263,1.9200000000000017,0.4200000000000017
9000rpm_10pct_ramps,9000,0.1,ramps,UDE,remove,40.005,1.5,True,3.022339910230585,1.9199999999999946,0.4199999999999946
9000rpm_10pct_ramps,9000,0.1,ramps,UDE,apply,60.0,3.0,True,1.544683837249977,3.1650000000000063,0.16500000000000625
9000rpm_10pct_ramps,9000,0.1,ramps,UDE,remove,75.0,3.0,True,1.5364333225097653,3.1500000000000057,0.15000000000000568
9000rpm_10pct_ramps,9000,0.1,ramps,GPIO,apply,10.005,0.3,True,9.866430912719807,0.9150000000000009,0.6150000000000009
9000rpm_10pct_ramps,9000,0.1,ramps,GPIO,remove,15.0,0.3,True,9.669623328680245,0.9300000000000068,0.6300000000000068
9000rpm_10pct_ramps,9000,0.1,ramps,GPIO,apply,30.0,1.5,True,2.849545471199235,1.7849999999999966,0.2849999999999966
9000rpm_10pct_ramps,9000,0.1,ramps,GPIO,remove,40.005,1.5,True,2.816651713110332,1.8000000000000043,0.30000000000000426
9000rpm_10pct_ramps,9000,0.1,ramps,GPIO,apply,60.0,3.0,True,1.5279500834294595,3.1500000000000057,0.15000000000000568
9000rpm_10pct_ramps,9000,0.1,ramps,GPIO,remove,75.0,3.0,True,1.512872366449301,3.1500000000000057,0.15000000000000568
9000rpm_10pct_ramps,9000,0.1,ramps,GPR_FF,apply,10.005,0.3,True,10.67723870295049,1.3500000000000032,1.0500000000000032
9000rpm_10pct_ramps,9000,0.1,ramps,GPR_FF,remove,15.0,0.3,True,11.057787900050243,1.3199999999999932,1.0199999999999931
9000rpm_10pct_ramps,9000,0.1,ramps,GPR_FF,apply,30.0,1.5,True,3.950134272730793,2.1299999999999955,0.6299999999999955
9000rpm_10pct_ramps,9000,0.1,ramps,GPR_FF,remove,40.005,1.5,True,3.9406906821895973,2.1000000000000014,0.6000000000000014
9000rpm_10pct_ramps,9000,0.1,ramps,GPR_FF,apply,60.0,3.0,True,2.0542421532991284,3.3149999999999977,0.3149999999999977
9000rpm_10pct_ramps,9000,0.1,ramps,GPR_FF,remove,75.0,3.0,True,2.0443830953408906,3.2849999999999966,0.2849999999999966
9000rpm_20pct_ramps,9000,0.2,ramps,PI,apply,10.005,0.3,True,22.55349592150924,1.695000000000002,1.395000000000002
9000rpm_20pct_ramps,9000,0.2,ramps,PI,remove,15.0,0.3,True,22.380309727579515,1.7399999999999949,1.4399999999999948
9000rpm_20pct_ramps,9000,0.2,ramps,PI,apply,30.0,1.5,True,8.78636964854013,2.489999999999995,0.9899999999999949
9000rpm_20pct_ramps,9000,0.2,ramps,PI,remove,40.005,1.5,True,7.987501429610347,2.490000000000002,0.990000000000002
9000rpm_20pct_ramps,9000,0.2,ramps,PI,apply,60.0,3.0,True,4.6491678189595405,3.7049999999999983,0.7049999999999983
9000rpm_20pct_ramps,9000,0.2,ramps,PI,remove,75.0,3.0,True,4.362880944530843,3.6599999999999966,0.6599999999999966
9000rpm_20pct_ramps,9000,0.2,ramps,DOB,apply,10.005,0.3,True,21.914221590859597,1.1699999999999964,0.8699999999999963
9000rpm_20pct_ramps,9000,0.2,ramps,DOB,remove,15.0,0.3,True,22.32858484358985,1.2150000000000034,0.9150000000000034
9000rpm_20pct_ramps,9000,0.2,ramps,DOB,apply,30.0,1.5,True,7.095527439709258,2.055000000000007,0.5550000000000068
9000rpm_20pct_ramps,9000,0.2,ramps,DOB,remove,40.005,1.5,True,6.822507688149926,2.039999999999999,0.5399999999999991
9000rpm_20pct_ramps,9000,0.2,ramps,DOB,apply,60.0,3.0,True,3.5356957815001806,3.3599999999999994,0.35999999999999943
9000rpm_20pct_ramps,9000,0.2,ramps,DOB,remove,75.0,3.0,True,3.7705131366601563,3.344999999999999,0.34499999999999886
9000rpm_20pct_ramps,9000,0.2,ramps,LESO,apply,10.005,0.3,True,21.918221271080256,1.1999999999999975,0.8999999999999975
9000rpm_20pct_ramps,9000,0.2,ramps,LESO,remove,15.0,0.3,True,22.335377289389726,1.2450000000000045,0.9450000000000045
9000rpm_20pct_ramps,9000,0.2,ramps,LESO,apply,30.0,1.5,True,7.146384385239799,2.069999999999993,0.5699999999999932
9000rpm_20pct_ramps,9000,0.2,ramps,LESO,remove,40.005,1.5,True,6.795164673199906,2.0549999999999997,0.5549999999999997
9000rpm_20pct_ramps,9000,0.2,ramps,LESO,apply,60.0,3.0,True,3.545469008549844,3.375,0.375
9000rpm_20pct_ramps,9000,0.2,ramps,LESO,remove,75.0,3.0,True,3.7619545594898227,3.344999999999999,0.34499999999999886
9000rpm_20pct_ramps,9000,0.2,ramps,UDE,apply,10.005,0.3,True,19.97936441282036,1.4100000000000055,1.1100000000000054
9000rpm_20pct_ramps,9000,0.2,ramps,UDE,remove,15.0,0.3,True,20.231982944649644,1.3799999999999955,1.0799999999999954
9000rpm_20pct_ramps,9000,0.2,ramps,UDE,apply,30.0,1.5,True,6.840201144359526,2.25,0.75
9000rpm_20pct_ramps,9000,0.2,ramps,UDE,remove,40.005,1.5,True,6.196387814359696,2.1600000000000037,0.6600000000000037
9000rpm_20pct_ramps,9000,0.2,ramps,UDE,apply,60.0,3.0,False,,,
9000rpm_20pct_ramps,9000,0.2,ramps,UDE,remove,75.0,3.0,False,,,
9000rpm_20pct_ramps,9000,0.2,ramps,GPIO,apply,10.005,0.3,True,20.916027889010365,1.4699999999999935,1.1699999999999935
9000rpm_20pct_ramps,9000,0.2,ramps,GPIO,remove,15.0,0.3,True,21.457326643350825,1.2750000000000057,0.9750000000000056
9000rpm_20pct_ramps,9000,0.2,ramps,GPIO,apply,30.0,1.5,True,6.412337392630434,2.355000000000004,0.855000000000004
9000rpm_20pct_ramps,9000,0.2,ramps,GPIO,remove,40.005,1.5,True,5.951951052429649,2.115000000000002,0.615000000000002
9000rpm_20pct_ramps,9000,0.2,ramps,GPIO,apply,60.0,3.0,True,3.852686889400502,3.614999999999995,0.6149999999999949
9000rpm_20pct_ramps,9000,0.2,ramps,GPIO,remove,75.0,3.0,True,3.251738781629683,3.405000000000001,0.40500000000000114
9000rpm_20pct_ramps,9000,0.2,ramps,GPR_FF,apply,10.005,0.3,True,22.55349592150924,1.695000000000002,1.395000000000002
9000rpm_20pct_ramps,9000,0.2,ramps,GPR_FF,remove,15.0,0.3,True,23.70728278623028,1.6500000000000057,1.3500000000000056
9000rpm_20pct_ramps,9000,0.2,ramps,GPR_FF,apply,30.0,1.5,True,8.78636964864927,2.489999999999995,0.9899999999999949
9000rpm_20pct_ramps,9000,0.2,ramps,GPR_FF,remove,40.005,1.5,True,8.049573334379602,2.414999999999999,0.9149999999999991
9000rpm_20pct_ramps,9000,0.2,ramps,GPR_FF,apply,60.0,3.0,True,4.649167818970454,3.7049999999999983,0.7049999999999983
9000rpm_20pct_ramps,9000,0.2,ramps,GPR_FF,remove,75.0,3.0,True,4.421794929259704,3.615000000000009,0.6150000000000091
9000rpm_30pct_ramps,9000,0.3,ramps,PI,apply,10.005,0.3,True,35.35945572033961,1.8749999999999947,1.5749999999999946
9000rpm_30pct_ramps,9000,0.3,ramps,PI,remove,15.0,0.3,True,35.25749449907926,1.9500000000000028,1.6500000000000028
9000rpm_30pct_ramps,9000,0.3,ramps,PI,apply,30.0,1.5,True,13.676738930189458,2.6850000000000023,1.1850000000000023
9000rpm_30pct_ramps,9000,0.3,ramps,PI,remove,40.005,1.5,True,12.37175530372042,2.6999999999999957,1.1999999999999957
9000rpm_30pct_ramps,9000,0.3,ramps,PI,apply,60.0,3.0,True,7.238739607140815,3.9000000000000057,0.9000000000000057
9000rpm_30pct_ramps,9000,0.3,ramps,PI,remove,75.0,3.0,True,6.90938552426087,3.8700000000000045,0.8700000000000045
9000rpm_30pct_ramps,9000,0.3,ramps,DOB,apply,10.005,0.3,True,34.332832143989435,1.6800000000000015,1.3800000000000014
9000rpm_30pct_ramps,9000,0.3,ramps,DOB,remove,15.0,0.3,True,35.25764789105051,1.4099999999999966,1.1099999999999965
9000rpm_30pct_ramps,9000,0.3,ramps,DOB,apply,30.0,1.5,True,11.032422653259346,2.5799999999999983,1.0799999999999983
9000rpm_30pct_ramps,9000,0.3,ramps,DOB,remove,40.005,1.5,True,12.371755306459818,2.1899999999999906,0.6899999999999906
9000rpm_30pct_ramps,9000,0.3,ramps,DOB,apply,60.0,3.0,True,6.730360639190621,3.8700000000000045,0.8700000000000045
9000rpm_30pct_ramps,9000,0.3,ramps,DOB,remove,75.0,3.0,True,6.900877247000608,3.4799999999999898,0.47999999999998977
9000rpm_30pct_ramps,9000,0.3,ramps,LESO,apply,10.005,0.3,True,34.34480200057078,1.695000000000002,1.395000000000002
9000rpm_30pct_ramps,9000,0.3,ramps,LESO,remove,15.0,0.3,True,35.2576445286395,1.4399999999999977,1.1399999999999977
9000rpm_30pct_ramps,9000,0.3,ramps,LESO,apply,30.0,1.5,True,11.114031575600166,2.5799999999999983,1.0799999999999983
9000rpm_30pct_ramps,9000,0.3,ramps,LESO,remove,40.005,1.5,True,12.371755305830447,2.204999999999991,0.7049999999999912
9000rpm_30pct_ramps,9000,0.3,ramps,LESO,apply,60.0,3.0,True,6.696504164719954,3.8700000000000045,0.8700000000000045
9000rpm_30pct_ramps,9000,0.3,ramps,LESO,remove,75.0,3.0,True,6.905747313230677,3.4799999999999898,0.47999999999998977
9000rpm_30pct_ramps,9000,0.3,ramps,UDE,apply,10.005,0.3,True,31.397060525619963,1.7850000000000055,1.4850000000000054
9000rpm_30pct_ramps,9000,0.3,ramps,UDE,remove,15.0,0.3,True,35.237071135719816,1.605000000000004,1.305000000000004
9000rpm_30pct_ramps,9000,0.3,ramps,UDE,apply,30.0,1.5,True,12.246308984109419,2.625,1.125
9000rpm_30pct_ramps,9000,0.3,ramps,UDE,remove,40.005,1.5,True,12.17211907483943,2.3399999999999963,0.8399999999999963
9000rpm_30pct_ramps,9000,0.3,ramps,UDE,apply,60.0,3.0,True,6.969001608260442,3.885000000000005,0.8850000000000051
9000rpm_30pct_ramps,9000,0.3,ramps,UDE,remove,75.0,3.0,True,6.811254841199116,3.555000000000007,0.5550000000000068
9000rpm_30pct_ramps,9000,0.3,ramps,GPIO,apply,10.005,0.3,True,32.854424684890546,1.770000000000005,1.4700000000000049
9000rpm_30pct_ramps,9000,0.3,ramps,GPIO,remove,15.0,0.3,True,35.25759086545986,2.010000000000005,1.710000000000005
9000rpm_30pct_ramps,9000,0.3,ramps,GPIO,apply,30.0,1.5,True,12.41368344994953,2.6400000000000006,1.1400000000000006
9000rpm_30pct_ramps,9000,0.3,ramps,GPIO,remove,40.005,1.5,True,11.806620381959874,2.5050000000000026,1.0050000000000026
9000rpm_30pct_ramps,9000,0.3,ramps,GPIO,apply,60.0,3.0,True,7.068136225450871,3.885000000000005,0.8850000000000051
9000rpm_30pct_ramps,9000,0.3,ramps,GPIO,remove,75.0,3.0,True,6.683159513719147,3.585000000000008,0.585000000000008
9000rpm_30pct_ramps,9000,0.3,ramps,GPR_FF,apply,10.005,0.3,True,35.359455720350525,1.8749999999999947,1.5749999999999946
9000rpm_30pct_ramps,9000,0.3,ramps,GPR_FF,remove,15.0,0.3,True,37.3103018931306,1.8599999999999994,1.5599999999999994
9000rpm_30pct_ramps,9000,0.3,ramps,GPR_FF,apply,30.0,1.5,True,13.676738928299528,2.6850000000000023,1.1850000000000023
9000rpm_30pct_ramps,9000,0.3,ramps,GPR_FF,remove,40.005,1.5,True,12.627947858429252,2.6099999999999923,1.1099999999999923
9000rpm_30pct_ramps,9000,0.3,ramps,GPR_FF,apply,60.0,3.0,True,7.238739614280348,3.9000000000000057,0.9000000000000057
9000rpm_30pct_ramps,9000,0.3,ramps,GPR_FF,remove,75.0,3.0,True,6.943401180820729,3.8100000000000023,0.8100000000000023
9500rpm_05pct_ramps,9500,0.05,ramps,PI,apply,10.005,0.3,True,8.90503726919087,1.3050000000000015,1.0050000000000014
9500rpm_05pct_ramps,9500,0.05,ramps,PI,remove,15.0,0.3,True,8.843365736289343,1.3050000000000068,1.0050000000000068
9500rpm_05pct_ramps,9500,0.05,ramps,PI,apply,30.0,1.5,True,3.3687955295208667,2.0849999999999937,0.5849999999999937
9500rpm_05pct_ramps,9500,0.05,ramps,PI,remove,40.005,1.5,True,3.341630762370187,2.085000000000001,0.5850000000000009
9500rpm_05pct_ramps,9500,0.05,ramps,PI,apply,60.0,3.0,True,1.7781800974407815,3.269999999999996,0.269999999999996
9500rpm_05pct_ramps,9500,0.05,ramps,PI,remove,75.0,3.0,True,1.7401504853205552,3.2549999999999955,0.25499999999999545
9500rpm_05pct_ramps,9500,0.05,ramps,DOB,apply,10.005,0.3,True,8.66691049541987,0.9750000000000032,0.6750000000000032
9500rpm_05pct_ramps,9500,0.05,ramps,DOB,remove,15.0,0.3,True,8.605593346290334,0.9899999999999949,0.6899999999999948
9500rpm_05pct_ramps,9500,0.05,ramps,DOB,apply,30.0,1.5,True,2.6953578976608696,1.7999999999999972,0.29999999999999716
9500rpm_05pct_ramps,9500,0.05,ramps,DOB,remove,40.005,1.5,True,2.6712785194995377,1.8000000000000043,0.30000000000000426
9500rpm_05pct_ramps,9500,0.05,ramps,DOB,apply,60.0,3.0,True,1.3471835861291765,3.1500000000000057,0.15000000000000568
9500rpm_05pct_ramps,9500,0.05,ramps,DOB,remove,75.0,3.0,True,1.3370726162102073,3.134999999999991,0.1349999999999909
9500rpm_05pct_ramps,9500,0.05,ramps,LESO,apply,10.005,0.3,True,8.669543846499437,0.9900000000000038,0.6900000000000037
9500rpm_05pct_ramps,9500,0.05,ramps,LESO,remove,15.0,0.3,True,8.60755328201958,1.0049999999999955,0.7049999999999954
9500rpm_05pct_ramps,9500,0.05,ramps,LESO,apply,30.0,1.5,True,2.717402027639764,1.8149999999999977,0.3149999999999977
9500rpm_05pct_ramps,9500,0.05,ramps,LESO,remove,40.005,1.5,True,2.6916866901101457,1.8149999999999906,0.3149999999999906
9500rpm_05pct_ramps,9500,0.05,ramps,LESO,apply,60.0,3.0,True,1.3499908104404312,3.1500000000000057,0.15000000000000568
9500rpm_05pct_ramps,9500,0.05,ramps,LESO,remove,75.0,3.0,True,1.3475333888691239,3.134999999999991,0.1349999999999909
9500rpm_05pct_ramps,9500,0.05,ramps,UDE,apply,10.005,0.3,True,7.904899325909355,1.0350000000000055,0.7350000000000054
9500rpm_05pct_ramps,9500,0.05,ramps,UDE,remove,15.0,0.3,True,7.84944615763925,1.0499999999999972,0.7499999999999971
9500rpm_05pct_ramps,9500,0.05,ramps,UDE,apply,30.0,1.5,True,2.6115755665196048,1.8449999999999989,0.34499999999999886
9500rpm_05pct_ramps,9500,0.05,ramps,UDE,remove,40.005,1.5,True,2.584825962969262,1.8449999999999918,0.34499999999999176
9500rpm_05pct_ramps,9500,0.05,ramps,UDE,apply,60.0,3.0,True,1.344528988480306,3.1500000000000057,0.15000000000000568
9500rpm_05pct_ramps,9500,0.05,ramps,UDE,remove,75.0,3.0,True,1.3090868997696816,3.134999999999991,0.1349999999999909
9500rpm_05pct_ramps,9500,0.05,ramps,GPIO,apply,10.005,0.3,True,8.2812345989405,0.9000000000000004,0.6000000000000003
9500rpm_05pct_ramps,9500,0.05,ramps,GPIO,remove,15.0,0.3,True,8.216906061079499,0.9000000000000057,0.6000000000000056
9500rpm_05pct_ramps,9500,0.05,ramps,GPIO,apply,30.0,1.5,True,2.439251774430886,1.769999999999996,0.269999999999996
9500rpm_05pct_ramps,9500,0.05,ramps,GPIO,remove,40.005,1.5,True,2.4131600836099096,1.7550000000000026,0.25500000000000256
9500rpm_05pct_ramps,9500,0.05,ramps,GPIO,apply,60.0,3.0,True,1.330479750469749,3.135000000000005,0.13500000000000512
9500rpm_05pct_ramps,9500,0.05,ramps,GPIO,remove,75.0,3.0,True,1.2928890461807896,3.134999999999991,0.1349999999999909
9500rpm_05pct_ramps,9500,0.05,ramps,GPR_FF,apply,10.005,0.3,True,9.513229933840194,1.2449999999999992,0.9449999999999992
9500rpm_05pct_ramps,9500,0.05,ramps,GPR_FF,remove,15.0,0.3,True,9.45049271336029,1.2600000000000051,0.9600000000000051
9500rpm_05pct_ramps,9500,0.05,ramps,GPR_FF,apply,30.0,1.5,True,3.4094719458898908,2.0400000000000063,0.5400000000000063
9500rpm_05pct_ramps,9500,0.05,ramps,GPR_FF,remove,40.005,1.5,True,3.382262443259606,2.039999999999999,0.5399999999999991
9500rpm_05pct_ramps,9500,0.05,ramps,GPR_FF,apply,60.0,3.0,True,1.7804268963591312,3.2549999999999955,0.25499999999999545
9500rpm_05pct_ramps,9500,0.05,ramps,GPR_FF,remove,75.0,3.0,True,1.7416215245593776,3.240000000000009,0.2400000000000091
9500rpm_10pct_ramps,9500,0.1,ramps,PI,apply,10.005,0.3,True,18.566508007059383,1.6500000000000004,1.3500000000000003
9500rpm_10pct_ramps,9500,0.1,ramps,PI,remove,15.0,0.3,True,18.64162142269015,1.6650000000000063,1.3650000000000062
9500rpm_10pct_ramps,9500,0.1,ramps,PI,apply,30.0,1.5,True,7.25538073612006,2.444999999999993,0.9449999999999932
9500rpm_10pct_ramps,9500,0.1,ramps,PI,remove,40.005,1.5,True,6.796186966339519,2.4299999999999997,0.9299999999999997
9500rpm_10pct_ramps,9500,0.1,ramps,PI,apply,60.0,3.0,True,3.830737102729472,3.644999999999996,0.644999999999996
9500rpm_10pct_ramps,9500,0.1,ramps,PI,remove,75.0,3.0,True,3.6501237583306647,3.5999999999999943,0.5999999999999943
9500rpm_10pct_ramps,9500,0.1,ramps,DOB,apply,10.005,0.3,True,18.052643974859166,1.1549999999999958,0.8549999999999958
9500rpm_10pct_ramps,9500,0.1,ramps,DOB,remove,15.0,0.3,True,18.147371632840077,1.1700000000000017,0.8700000000000017
9500rpm_10pct_ramps,9500,0.1,ramps,DOB,apply,30.0,1.5,True,5.851751227830391,2.0400000000000063,0.5400000000000063
9500rpm_10pct_ramps,9500,0.1,ramps,DOB,remove,40.005,1.5,True,5.544607884790821,2.0249999999999986,0.5249999999999986
9500rpm_10pct_ramps,9500,0.1,ramps,DOB,apply,60.0,3.0,True,2.905592730579883,3.3299999999999983,0.3299999999999983
9500rpm_10pct_ramps,9500,0.1,ramps,DOB,remove,75.0,3.0,True,2.8949851105608104,3.2849999999999966,0.2849999999999966
9500rpm_10pct_ramps,9500,0.1,ramps,LESO,apply,10.005,0.3,True,18.061024695400192,1.184999999999997,0.8849999999999969
9500rpm_10pct_ramps,9500,0.1,ramps,LESO,remove,15.0,0.3,True,18.15533393834994,1.2000000000000028,0.9000000000000028
9500rpm_10pct_ramps,9500,0.1,ramps,LESO,apply,30.0,1.5,True,5.895834628980083,2.055000000000007,0.5550000000000068
9500rpm_10pct_ramps,9500,0.1,ramps,LESO,remove,40.005,1.5,True,5.549993536040347,2.039999999999999,0.5399999999999991
9500rpm_10pct_ramps,9500,0.1,ramps,LESO,apply,60.0,3.0,True,2.912628979400324,3.3299999999999983,0.3299999999999983
9500rpm_10pct_ramps,9500,0.1,ramps,LESO,remove,75.0,3.0,True,2.91590216412078,3.2849999999999966,0.2849999999999966
9500rpm_10pct_ramps,9500,0.1,ramps,UDE,apply,10.005,0.3,True,16.563869529949443,1.290000000000001,0.9900000000000009
9500rpm_10pct_ramps,9500,0.1,ramps,UDE,remove,15.0,0.3,True,16.573719415979212,1.3050000000000068,1.0050000000000068
9500rpm_10pct_ramps,9500,0.1,ramps,UDE,apply,30.0,1.5,True,5.645187500120301,2.1299999999999955,0.6299999999999955
9500rpm_10pct_ramps,9500,0.1,ramps,UDE,remove,40.005,1.5,True,5.229373535090417,2.115000000000002,0.615000000000002
9500rpm_10pct_ramps,9500,0.1,ramps,UDE,apply,60.0,3.0,True,2.8903502567391115,3.3900000000000006,0.39000000000000057
9500rpm_10pct_ramps,9500,0.1,ramps,UDE,remove,75.0,3.0,True,2.8070078671607916,3.3600000000000136,0.36000000000001364
9500rpm_10pct_ramps,9500,0.1,ramps,GPIO,apply,10.005,0.3,True,17.318092898709438,1.290000000000001,0.9900000000000009
9500rpm_10pct_ramps,9500,0.1,ramps,GPIO,remove,15.0,0.3,True,17.393462277299477,1.1700000000000017,0.8700000000000017
9500rpm_10pct_ramps,9500,0.1,ramps,GPIO,apply,30.0,1.5,True,5.286156375890641,2.144999999999996,0.644999999999996
9500rpm_10pct_ramps,9500,0.1,ramps,GPIO,remove,40.005,1.5,True,4.869708862619518,2.0700000000000003,0.5700000000000003
9500rpm_10pct_ramps,9500,0.1,ramps,GPIO,apply,60.0,3.0,True,2.8456163428199943,3.3299999999999983,0.3299999999999983
9500rpm_10pct_ramps,9500,0.1,ramps,GPIO,remove,75.0,3.0,True,2.62747407246934,3.3149999999999977,0.3149999999999977
9500rpm_10pct_ramps,9500,0.1,ramps,GPR_FF,apply,10.005,0.3,True,19.797480074950727,1.5449999999999964,1.2449999999999963
9500rpm_10pct_ramps,9500,0.1,ramps,GPR_FF,remove,15.0,0.3,True,19.937676998270035,1.5750000000000028,1.2750000000000028
9500rpm_10pct_ramps,9500,0.1,ramps,GPR_FF,apply,30.0,1.5,True,7.359427536499425,2.355000000000004,0.855000000000004
9500rpm_10pct_ramps,9500,0.1,ramps,GPR_FF,remove,40.005,1.5,True,6.8668860192992724,2.354999999999997,0.8549999999999969
9500rpm_10pct_ramps,9500,0.1,ramps,GPR_FF,apply,60.0,3.0,True,3.8397276856703684,3.5849999999999937,0.5849999999999937
9500rpm_10pct_ramps,9500,0.1,ramps,GPR_FF,remove,75.0,3.0,True,3.686424083980455,3.555000000000007,0.5550000000000068
9500rpm_20pct_ramps,9500,0.2,ramps,PI,apply,10.005,0.3,True,38.92450887696941,1.9799999999999986,1.6799999999999986
9500rpm_20pct_ramps,9500,0.2,ramps,PI,remove,15.0,0.3,True,39.27012204630046,2.0250000000000057,1.7250000000000056
9500rpm_20pct_ramps,9500,0.2,ramps,PI,apply,30.0,1.5,True,15.271797112189233,2.7900000000000063,1.2900000000000063
9500rpm_20pct_ramps,9500,0.2,ramps,PI,remove,40.005,1.5,True,14.145369314839627,2.7749999999999986,1.2749999999999986
9500rpm_20pct_ramps,9500,0.2,ramps,PI,apply,60.0,3.0,True,8.077820540780522,3.989999999999995,0.9899999999999949
9500rpm_20pct_ramps,9500,0.2,ramps,PI,remove,75.0,3.0,True,7.63903018928977,3.944999999999993,0.9449999999999932
9500rpm_20pct_ramps,9500,0.2,ramps,DOB,apply,10.005,0.3,True,37.89577190463024,1.8449999999999935,1.5449999999999935
9500rpm_20pct_ramps,9500,0.2,ramps,DOB,remove,15.0,0.3,True,39.27032287244947,1.4699999999999989,1.1699999999999988
9500rpm_20pct_ramps,9500,0.2,ramps,DOB,apply,30.0,1.5,True,12.650761754290215,2.700000000000003,1.2000000000000028
9500rpm_20pct_ramps,9500,0.2,ramps,DOB,remove,40.005,1.5,True,14.14536931710063,2.249999999999993,0.7499999999999929
9500rpm_20pct_ramps,9500,0.2,ramps,DOB,apply,60.0,3.0,True,7.716246413290719,3.9599999999999937,0.9599999999999937
9500rpm_20pct_ramps,9500,0.2,ramps,DOB,remove,75.0,3.0,True,7.639030189320692,3.5250000000000057,0.5250000000000057
9500rpm_20pct_ramps,9500,0.2,ramps,LESO,apply,10.005,0.3,True,37.90226818861083,1.8449999999999935,1.5449999999999935
9500rpm_20pct_ramps,9500,0.2,ramps,LESO,remove,15.0,0.3,True,39.27031834175068,1.5150000000000006,1.2150000000000005
9500rpm_20pct_ramps,9500,0.2,ramps,LESO,apply,30.0,1.5,True,12.610105857040253,2.700000000000003,1.2000000000000028
9500rpm_20pct_ramps,9500,0.2,ramps,LESO,remove,40.005,1.5,True,14.145369317140648,2.279999999999994,0.779999999999994
9500rpm_20pct_ramps,9500,0.2,ramps,LESO,apply,60.0,3.0,True,7.6949935578504665,3.9599999999999937,0.9599999999999937
9500rpm_20pct_ramps,9500,0.2,ramps,LESO,remove,75.0,3.0,True,7.639030189320692,3.5250000000000057,0.5250000000000057
9500rpm_20pct_ramps,9500,0.2,ramps,UDE,apply,10.005,0.3,True,34.7916621798704,1.9049999999999958,1.6049999999999958
9500rpm_20pct_ramps,9500,0.2,ramps,UDE,remove,15.0,0.3,True,39.270240572039256,1.6800000000000068,1.3800000000000068
9500rpm_20pct_ramps,9500,0.2,ramps,UDE,apply,30.0,1.5,True,14.004542214399407,2.7450000000000045,1.2450000000000045
9500rpm_20pct_ramps,9500,0.2,ramps,UDE,remove,40.005,1.5,True,13.8332797018993,2.414999999999999,0.9149999999999991
9500rpm_20pct_ramps,9500,0.2,ramps,UDE,apply,60.0,3.0,True,7.878730862059456,3.9749999999999943,0.9749999999999943
9500rpm_20pct_ramps,9500,0.2,ramps,UDE,remove,75.0,3.0,True,7.607376254580231,3.615000000000009,0.6150000000000091
9500rpm_20pct_ramps,9500,0.2,ramps,GPIO,apply,10.005,0.3,True,36.3523438946595,1.8899999999999952,1.5899999999999952
9500rpm_20pct_ramps,9500,0.2,ramps,GPIO,remove,15.0,0.3,True,39.270258679240214,2.2049999999999983,1.9049999999999983
9500rpm_20pct_ramps,9500,0.2,ramps,GPIO,apply,30.0,1.5,True,14.10725694536086,2.7450000000000045,1.2450000000000045
9500rpm_20pct_ramps,9500,0.2,ramps,GPIO,remove,40.005,1.5,True,13.468651050759945,2.684999999999995,1.1849999999999952
9500rpm_20pct_ramps,9500,0.2,ramps,GPIO,apply,60.0,3.0,True,7.9444930718891555,3.9749999999999943,0.9749999999999943
9500rpm_20pct_ramps,9500,0.2,ramps,GPIO,remove,75.0,3.0,True,7.519186278770576,3.6750000000000114,0.6750000000000114
9500rpm_20pct_ramps,9500,0.2,ramps,GPR_FF,apply,10.005,0.3,True,41.399215364219344,1.859999999999994,1.559999999999994
9500rpm_20pct_ramps,9500,0.2,ramps,GPR_FF,remove,15.0,0.3,True,41.941254619410756,1.9050000000000011,1.605000000000001
9500rpm_20pct_ramps,9500,0.2,ramps,GPR_FF,apply,30.0,1.5,True,15.492785593269218,2.6700000000000017,1.1700000000000017
9500rpm_20pct_ramps,9500,0.2,ramps,GPR_FF,remove,40.005,1.5,True,14.411012366159412,2.6699999999999946,1.1699999999999946
9500rpm_20pct_ramps,9500,0.2,ramps,GPR_FF,apply,60.0,3.0,True,8.098907251809578,3.9000000000000057,0.9000000000000057
9500rpm_20pct_ramps,9500,0.2,ramps,GPR_FF,remove,75.0,3.0,True,7.682318017919897,3.8700000000000045,0.8700000000000045
9500rpm_30pct_ramps,9500,0.3,ramps,PI,apply,10.005,0.3,False,,,
9500rpm_30pct_ramps,9500,0.3,ramps,PI,remove,15.0,0.3,False,,,
9500rpm_30pct_ramps,9500,0.3,ramps,PI,apply,30.0,1.5,False,,,
9500rpm_30pct_ramps,9500,0.3,ramps,PI,remove,40.005,1.5,False,,,
9500rpm_30pct_ramps,9500,0.3,ramps,PI,apply,60.0,3.0,False,,,
9500rpm_30pct_ramps,9500,0.3,ramps,PI,remove,75.0,3.0,False,,,
9500rpm_30pct_ramps,9500,0.3,ramps,DOB,apply,10.005,0.3,False,,,
9500rpm_30pct_ramps,9500,0.3,ramps,DOB,remove,15.0,0.3,False,,,
9500rpm_30pct_ramps,9500,0.3,ramps,DOB,apply,30.0,1.5,False,,,
9500rpm_30pct_ramps,9500,0.3,ramps,DOB,remove,40.005,1.5,False,,,
9500rpm_30pct_ramps,9500,0.3,ramps,DOB,apply,60.0,3.0,False,,,
9500rpm_30pct_ramps,9500,0.3,ramps,DOB,remove,75.0,3.0,False,,,
9500rpm_30pct_ramps,9500,0.3,ramps,LESO,apply,10.005,0.3,False,,,
9500rpm_30pct_ramps,9500,0.3,ramps,LESO,remove,15.0,0.3,False,,,
9500rpm_30pct_ramps,9500,0.3,ramps,LESO,apply,30.0,1.5,False,,,
9500rpm_30pct_ramps,9500,0.3,ramps,LESO,remove,40.005,1.5,False,,,
9500rpm_30pct_ramps,9500,0.3,ramps,LESO,apply,60.0,3.0,False,,,
9500rpm_30pct_ramps,9500,0.3,ramps,LESO,remove,75.0,3.0,False,,,
9500rpm_30pct_ramps,9500,0.3,ramps,UDE,apply,10.005,0.3,False,,,
9500rpm_30pct_ramps,9500,0.3,ramps,UDE,remove,15.0,0.3,False,,,
9500rpm_30pct_ramps,9500,0.3,ramps,UDE,apply,30.0,1.5,False,,,
9500rpm_30pct_ramps,9500,0.3,ramps,UDE,remove,40.005,1.5,False,,,
9500rpm_30pct_ramps,9500,0.3,ramps,UDE,apply,60.0,3.0,False,,,
9500rpm_30pct_ramps,9500,0.3,ramps,UDE,remove,75.0,3.0,False,,,
9500rpm_30pct_ramps,9500,0.3,ramps,GPIO,apply,10.005,0.3,False,,,
9500rpm_30pct_ramps,9500,0.3,ramps,GPIO,remove,15.0,0.3,False,,,
9500rpm_30pct_ramps,9500,0.3,ramps,GPIO,apply,30.0,1.5,False,,,
9500rpm_30pct_ramps,9500,0.3,ramps,GPIO,remove,40.005,1.5,False,,,
9500rpm_30pct_ramps,9500,0.3,ramps,GPIO,apply,60.0,3.0,False,,,
9500rpm_30pct_ramps,9500,0.3,ramps,GPIO,remove,75.0,3.0,False,,,
9500rpm_30pct_ramps,9500,0.3,ramps,GPR_FF,apply,10.005,0.3,False,,,
9500rpm_30pct_ramps,9500,0.3,ramps,GPR_FF,remove,15.0,0.3,False,,,
9500rpm_30pct_ramps,9500,0.3,ramps,GPR_FF,apply,30.0,1.5,False,,,
9500rpm_30pct_ramps,9500,0.3,ramps,GPR_FF,remove,40.005,1.5,False,,,
9500rpm_30pct_ramps,9500,0.3,ramps,GPR_FF,apply,60.0,3.0,False,,,
9500rpm_30pct_ramps,9500,0.3,ramps,GPR_FF,remove,75.0,3.0,False,,,
9500rpm_20pct_steps,9500,0.2,steps,PI,apply,10.005,0.0,True,53.39709136221063,1.8149999999999924,1.8149999999999924
9500rpm_20pct_steps,9500,0.2,steps,PI,remove,15.0,0.0,True,54.09906717838021,1.875,1.875
9500rpm_20pct_steps,9500,0.2,steps,PI,apply,30.0,0.0,True,53.397091364849985,1.8149999999999977,1.8149999999999977
9500rpm_20pct_steps,9500,0.2,steps,PI,remove,40.005,0.0,True,54.099833474030675,1.874999999999993,1.874999999999993
9500rpm_20pct_steps,9500,0.2,steps,PI,apply,60.0,0.0,True,53.397091364849985,1.8149999999999977,1.8149999999999977
9500rpm_20pct_steps,9500,0.2,steps,PI,remove,75.0,0.0,True,54.09983349069989,1.875,1.875
9500rpm_20pct_steps,9500,0.2,steps,DOB,apply,10.005,0.0,True,53.01273511968975,1.665000000000001,1.665000000000001
9500rpm_20pct_steps,9500,0.2,steps,DOB,remove,15.0,0.0,True,54.099280772679776,1.3199999999999932,1.3199999999999932
9500rpm_20pct_steps,9500,0.2,steps,DOB,apply,30.0,0.0,True,53.01273512732041,1.6650000000000063,1.6650000000000063
9500rpm_20pct_steps,9500,0.2,steps,DOB,remove,40.005,0.0,True,54.09983347829984,1.3200000000000003,1.3200000000000003
9500rpm_20pct_steps,9500,0.2,steps,DOB,apply,60.0,0.0,True,53.01273512734042,1.6650000000000063,1.6650000000000063
9500rpm_20pct_steps,9500,0.2,steps,DOB,remove,75.0,0.0,True,54.09983349033064,1.3199999999999932,1.3199999999999932
9500rpm_20pct_steps,9500,0.2,steps,LESO,apply,10.005,0.0,True,53.18752578524072,1.665000000000001,1.665000000000001
9500rpm_20pct_steps,9500,0.2,steps,LESO,remove,15.0,0.0,True,54.09927548617998,1.3499999999999943,1.3499999999999943
9500rpm_20pct_steps,9500,0.2,steps,LESO,apply,30.0,0.0,True,53.18752579015927,1.6650000000000063,1.6650000000000063
9500rpm_20pct_steps,9500,0.2,steps,LESO,remove,40.005,0.0,True,54.09983347866,1.3500000000000014,1.3500000000000014
9500rpm_20pct_steps,9500,0.2,steps,LESO,apply,60.0,0.0,True,53.18752579015927,1.6650000000000063,1.6650000000000063
9500rpm_20pct_steps,9500,0.2,steps,LESO,remove,75.0,0.0,True,54.09983349081995,1.3499999999999943,1.3499999999999943
9500rpm_20pct_steps,9500,0.2,steps,UDE,apply,10.005,0.0,True,51.07844364330958,1.7250000000000032,1.7250000000000032
9500rpm_20pct_steps,9500,0.2,steps,UDE,remove,15.0,0.0,True,54.09919749963956,1.5150000000000006,1.5150000000000006
9500rpm_20pct_steps,9500,0.2,steps,UDE,apply,30.0,0.0,True,51.07844363818913,1.7249999999999943,1.7249999999999943
9500rpm_20pct_steps,9500,0.2,steps,UDE,remove,40.005,0.0,True,54.099833477019274,1.5149999999999935,1.5149999999999935
9500rpm_20pct_steps,9500,0.2,steps,UDE,apply,60.0,0.0,True,51.07844363818913,1.7249999999999943,1.7249999999999943
9500rpm_20pct_steps,9500,0.2,steps,UDE,remove,75.0,0.0,True,54.09983349087088,1.5149999999999864,1.5149999999999864
9500rpm_20pct_steps,9500,0.2,steps,GPIO,apply,10.005,0.0,True,52.79806217089936,1.7100000000000026,1.7100000000000026
9500rpm_20pct_steps,9500,0.2,steps,GPIO,remove,15.0,0.0,True,54.099220800160765,2.055000000000007,2.055000000000007
9500rpm_20pct_steps,9500,0.2,steps,GPIO,apply,30.0,0.0,True,52.7980621723691,1.7099999999999937,1.7099999999999937
9500rpm_20pct_steps,9500,0.2,steps,GPIO,remove,40.005,0.0,True,54.09983347739944,2.0549999999999997,2.0549999999999997
9500rpm_20pct_steps,9500,0.2,steps,GPIO,apply,60.0,0.0,True,52.798062173009384,1.7099999999999937,1.7099999999999937
9500rpm_20pct_steps,9500,0.2,steps,GPIO,remove,75.0,0.0,True,54.09983349073991,2.055000000000007,2.055000000000007
9500rpm_20pct_steps,9500,0.2,steps,GPR_FF,apply,10.005,0.0,True,55.42756698744961,1.6800000000000015,1.6800000000000015
9500rpm_20pct_steps,9500,0.2,steps,GPR_FF,remove,15.0,0.0,True,56.328991178750584,1.7399999999999949,1.7399999999999949
9500rpm_20pct_steps,9500,0.2,steps,GPR_FF,apply,30.0,0.0,True,55.42756699598067,1.6800000000000068,1.6800000000000068
9500rpm_20pct_steps,9500,0.2,steps,GPR_FF,remove,40.005,0.0,True,56.329241533279856,1.740000000000002,1.740000000000002
9500rpm_20pct_steps,9500,0.2,steps,GPR_FF,apply,60.0,0.0,True,55.42756699596066,1.6800000000000068,1.6800000000000068
9500rpm_20pct_steps,9500,0.2,steps,GPR_FF,remove,75.0,0.0,True,56.32924153494059,1.740000000000009,1.740000000000009
9500rpm_30pct_steps,9500,0.3,steps,PI,apply,10.005,0.0,False,,,
9500rpm_30pct_steps,9500,0.3,steps,PI,remove,15.0,0.0,False,,,
9500rpm_30pct_steps,9500,0.3,steps,PI,apply,30.0,0.0,False,,,
9500rpm_30pct_steps,9500,0.3,steps,PI,remove,40.005,0.0,False,,,
9500rpm_30pct_steps,9500,0.3,steps,PI,apply,60.0,0.0,False,,,
9500rpm_30pct_steps,9500,0.3,steps,PI,remove,75.0,0.0,False,,,
9500rpm_30pct_steps,9500,0.3,steps,DOB,apply,10.005,0.0,False,,,
9500rpm_30pct_steps,9500,0.3,steps,DOB,remove,15.0,0.0,False,,,
9500rpm_30pct_steps,9500,0.3,steps,DOB,apply,30.0,0.0,False,,,
9500rpm_30pct_steps,9500,0.3,steps,DOB,remove,40.005,0.0,False,,,
9500rpm_30pct_steps,9500,0.3,steps,DOB,apply,60.0,0.0,False,,,
9500rpm_30pct_steps,9500,0.3,steps,DOB,remove,75.0,0.0,False,,,
9500rpm_30pct_steps,9500,0.3,steps,LESO,apply,10.005,0.0,False,,,
9500rpm_30pct_steps,9500,0.3,steps,LESO,remove,15.0,0.0,False,,,
9500rpm_30pct_steps,9500,0.3,steps,LESO,apply,30.0,0.0,False,,,
9500rpm_30pct_steps,9500,0.3,steps,LESO,remove,40.005,0.0,False,,,
9500rpm_30pct_steps,9500,0.3,steps,LESO,apply,60.0,0.0,False,,,
9500rpm_30pct_steps,9500,0.3,steps,LESO,remove,75.0,0.0,False,,,
9500rpm_30pct_steps,9500,0.3,steps,UDE,apply,10.005,0.0,False,,,
9500rpm_30pct_steps,9500,0.3,steps,UDE,remove,15.0,0.0,False,,,
9500rpm_30pct_steps,9500,0.3,steps,UDE,apply,30.0,0.0,False,,,
9500rpm_30pct_steps,9500,0.3,steps,UDE,remove,40.005,0.0,False,,,
9500rpm_30pct_steps,9500,0.3,steps,UDE,apply,60.0,0.0,False,,,
9500rpm_30pct_steps,9500,0.3,steps,UDE,remove,75.0,0.0,False,,,
9500rpm_30pct_steps,9500,0.3,steps,GPIO,apply,10.005,0.0,False,,,
9500rpm_30pct_steps,9500,0.3,steps,GPIO,remove,15.0,0.0,False,,,
9500rpm_30pct_steps,9500,0.3,steps,GPIO,apply,30.0,0.0,False,,,
9500rpm_30pct_steps,9500,0.3,steps,GPIO,remove,40.005,0.0,False,,,
9500rpm_30pct_steps,9500,0.3,steps,GPIO,apply,60.0,0.0,False,,,
9500rpm_30pct_steps,9500,0.3,steps,GPIO,remove,75.0,0.0,False,,,
9500rpm_30pct_steps,9500,0.3,steps,GPR_FF,apply,10.005,0.0,False,,,
9500rpm_30pct_steps,9500,0.3,steps,GPR_FF,remove,15.0,0.0,False,,,
9500rpm_30pct_steps,9500,0.3,steps,GPR_FF,apply,30.0,0.0,False,,,
9500rpm_30pct_steps,9500,0.3,steps,GPR_FF,remove,40.005,0.0,False,,,
9500rpm_30pct_steps,9500,0.3,steps,GPR_FF,apply,60.0,0.0,False,,,
9500rpm_30pct_steps,9500,0.3,steps,GPR_FF,remove,75.0,0.0,False,,,
