Kd,Ki,Kp,accelTau,accelWeight,accepted,altitude_m,candidate,compressor_Nc_outside_percent,environment,events_inside_1pct_throughout,fallback_percent,first_failure_eval_s,fuel_limit_percent,fuel_peak_lbm_s,gp_outside_percent,iae_rpm_s,isa_delta_C,max_2s_fuel_range_lbm_s,max_fuel_slew_lbm_s2,minimum_margin_percent,mode,peak_rpm,phase,recovery_1pct_speed_s,ringing_excess_TV_lbm_s,rmse_rpm,settling_to_point1_rpm_s,wall_seconds,rmse_ratio,ringing_ratio,joint_score,beats_base_both
0,5,0.25,0.03,1,1,4000,1,0,36,6,0,NaN,0,1.99314280710631,1.79970004999167,369.722316412348,5,0.448074094660831,1.88952650567957,11.1652416109044,1,43.3891127182542,tune,0,0.00707320532938427,10.1038451987042,Inf,39.9921261,3.99130038194514,0.00348359842958921,3.99130038194514,0
0,5,0.5,0.03,1,1,4000,2,0,36,6,0,NaN,0,1.99244775917076,1.6497250458257,368.871451129296,5,0.447379046725283,2.60906524375811,11.2758551173317,1,39.1978377744617,tune,0,0.0010988747635774,9.81857321191828,Inf,40.1795015,3.87860999848964,0.000541202781829417,3.87860999848964,0
0,10,0.5,0.03,1,1,4000,3,0,36,6,0,NaN,0,2.01135490452967,1.19980003332778,184.575825665922,5,0.471165149907834,3.47194379911842,10.9384444397799,1,27.1845244072829,tune,0,0.282076537288913,5.28476063244976,Inf,34.8393163,2.0876277017279,0.138924481414589,2.0876277017279,0
0,15,0.5,0.03,1,1,4000,4,0,36,6,0,NaN,0,2.09077519583752,0.999833361106482,122.971529195788,5,0.559203037375645,4.52822639643413,9.6462010405118,1,23.6717145751372,tune,0,1.7019583305943,3.67552028142134,Inf,34.4363705,1.45193292400852,0.838225258788111,1.45193292400852,0
0,5,1,0.03,1,1,4000,5,0,36,6,0,NaN,0,1.99180979786998,1.39976670554908,367.588292966507,5,0.446555953687796,4.52944082386139,11.3766348530587,1,34.1072221760969,tune,0,0.0175723673332011,9.36288777879046,Inf,34.7996879,3.6986015554146,0.00865450222288866,3.6986015554146,0
0,10,1,0.03,1,1,4000,6,0,36,6,0,NaN,0,1.99212546559395,0.949841693051158,184.00079622729,5,0.447056753148473,5.06210119378536,11.4022716598665,1,21.8327959158341,tune,0,0.0287430762245973,5.08767742490179,Inf,27.0588902,2.00977434331915,0.0141561471122013,2.00977434331915,0
0,15,1,0.03,1,1,4000,7,0,36,6,0,NaN,0,2.02505799031528,0.84985835694051,122.801380864619,5,0.491483539346944,5.59501175024801,10.7927980406576,1,19.1629729167416,tune,0,0.562255449957117,3.5312697877004,Inf,27.5567481,1.3949499596656,0.27691437068307,1.3949499596656,0
0,10,1.5,0.03,1,1,4000,8,0,36,6,0,NaN,0,1.99179062905971,0.749875020829862,183.597650128207,5,0.446721916614226,6.82651656664885,11.4483578419384,1,19.7893608220711,tune,0,0.490388001492339,4.94083331658992,Inf,28.0854839,1.95176682894565,0.241519197073389,1.95176682894565,0
0,15,1.5,0.03,1,1,4000,9,0,36,6,0,NaN,0,2.00751252419896,0.699883352774538,122.530084804383,5,0.487598614619871,7.35940893200711,11.1360670336582,1,16.0002592297769,tune,0,0.783490681944515,3.43566613350368,Inf,30.3554332,1.3571838524058,0.385874123840441,1.3571838524058,0
0,10,2,0.03,1,1,4000,10,0,36,6,0,NaN,0,1.99157067138608,0.649891684719213,183.329661467234,5,0.476138062307957,8.70547178519132,11.4778476411875,1,18.3676508617427,tune,0,1.34800533002402,4.82021405604347,Inf,25.0911457,1.90411886015543,0.663901163909564,1.90411886015543,0
0,15,2,0.03,1,1,4000,11,0,36,6,0,NaN,0,2.02663168050949,0.549908348608565,122.336350784864,5,0.513533995565944,8.96758551765404,10.8302757632121,1,14.1433523477244,tune,0,1.60011522622843,3.36216622586954,Inf,24.8625536,1.32814934092588,0.788066884767839,1.32814934092588,0
0,20,2,0.03,1,1,4000,12,0,36,6,0,NaN,0,2.06760886759882,0.549908348608565,91.8268073946343,5,0.556091207868855,9.50052988793786,10.1306541158015,1,13.6398355204819,tune,0,2.07984166102006,2.59743307766868,Inf,27.1958247,1.02605843924702,1.02433519270597,1.02605843924702,0
0,15,0.5,0.03,1,1,4000,13,0,36,6,0,NaN,0,2.2330467609707,15.2974504249292,884.578501866178,5,0.72536062425578,2.22008380107299,7.60254759039221,2,59.637313476389,tune,0,4.83364261944514,16.1194726034393,Inf,27.5771378,6.3676408232296,2.38059960854556,6.3676408232296,0
0,30,0.5,0.03,1,1,4000,14,0,36,6,0,NaN,0,2.37909389096468,49.5917347108815,1564.65734802598,5,0.953639288969864,2.59466960580883,5.40208975862232,2,57.4817277668662,tune,0,7.45079113605843,21.9236610154736,Inf,27.9811346,8.66045697096761,3.66956183117475,8.66045697096761,0
0,15,1,0.03,1,1,4000,15,0,36,6,0,NaN,0,2.14634071598768,5.93234460923179,534.101710004778,5,0.601304163587364,4.14713648954083,8.96278468976853,2,44.8705898744483,tune,0,2.20892484099318,11.1919775856328,Inf,29.8380501,4.42114299395507,1.08790947651371,4.42114299395507,0
0,30,1,0.03,1,1,4000,16,0,36,6,0,NaN,0,2.18461600443817,8.6318946842193,494.844426423673,5,0.639547291992691,4.23728535452221,8.36640097001037,2,35.1316420425865,tune,0,3.90837295134782,9.30581571129175,Inf,30.0143358,3.67605649852525,1.92489843593292,3.67605649852525,0
0,15,2,0.03,1,1,4000,17,0,36,6,0,NaN,0,2.07574607974075,1.5164139310115,393.264127897013,5,0.542087066780953,8.36554837230502,10.1305200875787,2,35.9441596282832,tune,0,1.85129449118086,8.79886369743032,Inf,29.1868905,3.47579632759424,0.911774263839477,3.47579632759424,0
0,30,2,0.03,1,1,4000,18,0,36,6,0,NaN,0,2.09732669204506,1.34977503749375,290.985279573705,5,0.560491722212669,8.31456139519159,9.78430196645927,2,27.033821366982,tune,0,3.20285846620658,6.41161898082543,Inf,29.2958646,2.53276814755011,1.57742808295444,2.53276814755011,0
0,15,0.5,0.06,1,1,4000,19,0,36,6,0,NaN,0,2.22534094189303,13.4477587068822,776.957788661111,5,0.709832797040309,1.68221187839152,7.70622318920316,2,57.7531976680639,tune,0,4.62350360256297,15.0411431315849,Inf,27.0993308,5.94167063581748,2.27710481161593,5.94167063581748,0
0,30,0.5,0.06,1,1,4000,20,0,36,6,0,NaN,0,2.28821578776319,27.0454924179303,1033.48509607292,5,0.864237532878257,2.0743684620799,6.76280060571394,2,52.3325143289894,tune,0,6.95091092907346,15.9946074401615,Inf,27.5539384,6.31831560455483,3.42336766276834,6.31831560455483,0
0,15,1,0.06,1,1,4000,21,0,36,6,0,NaN,0,2.13867009169146,5.63239460089985,482.447866789228,5,0.593604733809188,3.03881490080968,9.0728812438355,2,44.2377685609827,tune,0,2.06280266130088,10.6845578378997,Inf,29.5583166,4.22069805511205,1.01594337741157,4.22069805511205,0
0,30,1,0.06,1,1,4000,22,0,36,6,0,NaN,0,2.17488682036684,6.58223629395101,384.91031887272,5,0.62981810792136,3.12264051955649,8.50249486780488,2,34.7674565226589,tune,0,3.57826440915589,8.22491245371758,Inf,33.9527273,3.24906959403914,1.76231788784725,3.24906959403914,0
0,15,2,0.06,1,1,4000,23,0,36,6,0,NaN,0,2.07020946407825,1.08315280786536,360.898914002897,5,0.533011462993495,5.87478951941276,10.2146423845357,2,34.719052417151,tune,0,1.38584783724229,8.41214857108158,Inf,33.2094395,3.32303307745085,0.682538838426042,3.32303307745085,0
0,30,2,0.06,1,1,4000,24,0,36,6,0,NaN,0,2.08911798796709,0.983169471754708,242.737030030157,5,0.544054497854662,5.88475578558136,9.90810523260959,2,25.5428774313059,tune,0,2.48275484457672,5.85853199860591,Inf,33.102789,2.31428337863612,1.22277248784115,2.31428337863612,0
0,15,0.5,0.1,1,1,4000,25,0,36,6,0,NaN,0,2.21882633503651,10.7648725212465,674.36768251168,5,0.697582211921507,1.35717038187558,7.78561551991907,2,56.6533660266068,tune,0,4.41919200580843,14.0510142010808,Inf,24.9494673,5.55054211981421,2.17648005601268,5.55054211981421,0
0,30,0.5,0.1,1,1,4000,26,0,36,6,0,NaN,0,2.29408440519508,17.3137810364939,730.350067174083,5,0.859554380151963,1.72289469056102,6.64389010337816,2,52.0217151189372,tune,0,6.58475909659805,13.0570725816027,Inf,26.407556,5.15790748543136,3.24303556590362,5.15790748543136,0
0,15,1,0.1,1,1,4000,27,0,36,6,0,NaN,0,2.13058294996266,5.24912514580903,428.61151317952,5,0.58551423751718,2.36748023291987,9.18490535376967,2,43.8008076369042,tune,0,1.99005938094096,10.1786974971426,Inf,28.0039292,4.02086912547505,0.980116851045617,4.02086912547505,0
0,30,1,0.1,1,1,4000,28,0,36,6,0,NaN,0,2.16746602236131,4.53257790368272,301.683033288426,5,0.622397309915831,2.49876389097855,8.59457887364065,2,35.2675836996732,tune,0,3.27879523973232,7.43018520817844,Inf,28.1325786,2.93513018817123,1.61482742493358,2.93513018817123,0
0,15,2,0.1,1,1,4000,29,0,36,6,0,NaN,0,2.06389624963297,1.16647225462423,326.080405726277,5,0.522777104734902,4.38489697034347,10.3093959829798,2,33.3474705060198,tune,0,0.972528370437068,8.00996212180385,Inf,27.8563839,3.16415822366537,0.478976382872861,3.16415822366537,0
0,30,2,0.1,1,1,4000,30,0,36,6,0,NaN,0,2.08075659242352,1.03316113981003,200.403855923764,5,0.535688282648253,4.45843994181883,10.0315384150477,2,25.0235772962078,tune,0,1.81108424641227,5.39158372113548,Inf,27.4200844,2.12982579822353,0.891970463581149,2.12982579822353,0
0.001,0.035,0.0125,0.03,1,1,4000,31,0,36,6,0,NaN,0,2.04437113027983,1.04982502916181,84.2757158557715,5,0.499302417834353,4.38104268039642,10.5251538934274,3,23.76843580288,tune,0,0.608534363342787,3.97133929607394,2.08500000000001,27.5334363,1.56878967734843,0.299707028676989,1.56878967734843,0
0.001,0.05,0.0125,0.03,1,1,4000,32,0,36,6,0,NaN,0,2.06802391984738,1.04982502916181,68.7625153970188,5,0.522955207401898,4.42322589388541,10.1435310623419,3,22.8439412157786,tune,0,0.948336893719589,3.43143477834732,2.265,27.6745131,1.35551234921868,0.467061927349796,1.35551234921868,0
0.001,0.035,0.018,0.03,1,1,4000,33,0,36,6,0,NaN,0,2.01972123376163,0.949841693051158,76.5218067462135,5,0.474652521316145,5.16421551853705,10.956025286759,3,19.8480769183643,tune,0,0.300738038767033,3.31797452693557,2.265,27.3846028,1.31069238851171,0.148115389102917,1.31069238851171,0
0.001,0.05,0.018,0.03,1,1,4000,34,0,36,6,0,NaN,0,2.03773202447805,0.84985835694051,54.4491980594732,5,0.492663312712625,5.20639858405668,10.6617225965475,3,19.5945141675438,tune,0,0.513668631028542,2.84958320225571,1.68000000000001,31.1769172,1.12566476424305,0.252985054589959,1.12566476424305,0
0.002,0.035,0.0125,0.03,1,1,4000,35,0,36,6,0,NaN,0,2.03196344784744,0.84985835694051,93.4667109768824,5,0.486894736217478,6.53317257586261,10.7847043912424,3,20.8257644067726,tune,0,0.856476052519969,3.86239795739491,3.285,31.9216591,1.52575481308358,0.421819881171052,1.52575481308358,0
0.002,0.05,0.0125,0.03,1,1,4000,36,0,36,6,0,NaN,0,2.04739706207446,0.84985835694051,76.5151710640264,5,0.502328349625812,6.55051741864988,10.5383319211038,3,19.4338435473437,tune,0,1.01035611683257,3.29496804425027,3.3,32.1472606,1.30160418680996,0.497606787590622,1.30160418680996,0
0.002,0.035,0.018,0.03,1,1,4000,37,0,36,6,0,NaN,0,2.01362811738522,0.749875020829862,77.5900023974005,5,0.468559405607491,7.24429619639525,11.1039680473564,3,17.1362171087312,tune,0,0.863686482940892,3.24772343939543,2.44500000000001,31.5388639,1.28294125149241,0.42537106382747,1.28294125149241,0
0.002,0.05,0.018,0.03,1,1,4000,38,0,36,6,0,NaN,0,2.02576865957403,0.749875020829862,58.8638886252256,5,0.480699947128553,7.28647736756668,10.9066437218171,3,16.1412389012421,tune,0,0.953731875016608,2.76256606742568,2.07000000000001,31.8870117,1.09129057138354,0.469718989812819,1.09129057138354,0
0.001,0.035,0.0125,0.06,1,1,4000,39,0,36,6,0,NaN,0,2.04032240315815,1.14980836527245,83.8613221061034,5,0.495253691657544,3.91496913699441,10.5972581123076,3,24.1451333256009,tune,0,0.557338669489572,3.94525246312848,2.16,31.6970836,1.55848465146459,0.274492825157703,1.55848465146459,0
0.001,0.05,0.0125,0.06,1,1,4000,40,0,36,6,0,NaN,0,2.06211332810356,1.04982502916181,67.0535053996942,5,0.517044615658075,3.99022394588631,10.2486832460496,3,23.6091885600763,tune,0,0.857596914578041,3.39964137119437,2.31,31.4343759,1.34295306751777,0.422371912834698,1.34295306751777,0
0.001,0.035,0.018,0.06,1,1,4000,41,0,36,6,0,NaN,0,2.01776093545018,0.949841693051158,76.5205683725097,5,0.477366380223968,4.74095130294794,10.9020219224891,3,20.8693807748114,tune,0,0.578692108320007,3.31065642196237,2.235,31.3083465,1.3078015331393,0.285009529043989,1.3078015331393,0
0.001,0.05,0.018,0.06,1,1,4000,42,0,36,6,0,NaN,0,2.03893273246562,0.949841693051158,54.5942843379016,5,0.494741412421627,4.8158181432924,10.5440073590317,3,20.6870492637881,tune,0,0.732875674754249,2.84142460666987,1.755,30.7858232,1.12244189165964,0.360945912180988,1.12244189165964,0
0.002,0.035,0.0125,0.06,1,1,4000,43,0,36,6,0,NaN,0,2.0284122299128,0.899850024995834,92.1946066387534,5,0.483343517911672,5.37258441841358,10.8478912174392,3,20.136293848147,tune,0,0.858724337255816,3.81795342343316,3.33,33.5537412,1.50819798378857,0.422927175645105,1.50819798378857,0
0.002,0.05,0.0125,0.06,1,1,4000,44,0,36,6,0,NaN,0,2.04225541661493,0.84985835694051,73.866659252327,5,0.497186705328093,5.41486267309099,10.6301869184167,3,19.2157502368882,tune,0,0.986052548994243,3.24148198155857,2.79000000000001,33.2968315,1.28047570173801,0.485637126480506,1.28047570173801,0
0.002,0.035,0.018,0.06,1,1,4000,45,0,36,6,0,NaN,0,2.01316312344063,0.749875020829862,77.804892957366,5,0.483495985564981,6.15069163477607,11.0171200682339,3,17.580619163411,tune,0,1.10115194008227,3.23001086744705,2.565,33.0285063,1.27594429203861,0.542324305682727,1.27594429203861,0
0.002,0.05,0.018,0.06,1,1,4000,46,0,36,6,0,NaN,0,2.02457896957777,0.749875020829862,58.5791659572163,5,0.492814835385315,6.1928716005785,10.8204659362207,3,17.4779506581544,tune,0,1.19549352004832,2.74180650602739,2.145,22.5872009,1.08308996619725,0.588788131418058,1.08308996619725,0
0,21,1.5,0.03,1,1,4000,47,0,36,6,0,NaN,0,2.07484901225707,0.649891684719213,87.6092491318283,5,0.552459969632213,7.9989468228509,9.99371591570868,1,15.4047792802503,tune,0,1.61507138708436,2.54120242820221,Inf,50.0086513,1.00384576592525,0.79543288872844,1.00384576592525,0
0,22,1.5,0.03,1,1,4000,48,0,36,6,0,NaN,0,2.08581938891155,0.649891684719213,83.6356184542756,5,0.563034252520638,8.10553925978027,9.81135535767976,1,15.3428988853975,tune,0,1.79809574801825,2.43866609628209,Inf,41.0985415,0.96334105779606,0.885573545847094,0.96334105779606,1
0,21,1.25,0.03,1,1,4000,49,0,36,6,0,NaN,0,2.08556987385124,0.699883352774538,87.6841950781389,5,0.558101435139431,7.13625564719444,9.80128499644959,1,16.5808588612726,tune,0,1.63430730610573,2.57638296641199,Inf,35.5325226,1.01774305877092,0.80490670069544,1.01774305877092,0
0,22,1.25,0.03,1,1,4000,50,0,36,6,0,NaN,0,2.09774838358969,0.649891684719213,83.6998703377226,5,0.570194763562528,7.24284846675752,9.60114496644829,1,16.4601339721794,tune,0,1.87282172861832,2.4734249829611,Inf,29.7082233,0.977071786538392,0.92237656464064,0.977071786538392,1
0,20,1.75,0.03,1,1,4000,51,0,36,6,0,NaN,0,2.0630168763243,0.599900016663889,91.8979199506531,5,0.545197116048265,8.71599096585179,10.2019259891101,1,14.5073446929855,tune,0,1.68095100167116,2.62367334807798,Inf,20.0950373,1.03642407720438,0.827879016223584,1.03642407720438,0
0,21,1.75,0.03,1,1,4000,52,0,36,6,0,NaN,0,2.07274310776904,0.549908348608565,87.5344435181966,5,0.554154749571788,8.82258261848479,10.0383572551252,1,14.4459201935751,tune,0,1.81918184911517,2.51180038248116,Inf,18.63585,0.992231138621631,0.895958584206189,0.992231138621631,1
0,22,1.75,0.03,1,1,4000,53,0,36,6,0,NaN,0,2.08243917844085,0.549908348608565,83.5663740132936,5,0.563100642706786,8.92917486549914,9.87611626314733,1,14.3845167575018,tune,0,1.96932255574973,2.40991667984129,Inf,29.4758952,0.951984237242673,0.96990383328255,0.96990383328255,1
0,21,2,0.03,1,1,4000,54,0,36,6,0,NaN,0,2.0757746579042,0.549908348608565,87.4663819856312,5,0.564561249802475,9.60712147173259,9.9929984229403,1,13.6153631376146,tune,0,2.2024007772062,2.48650164725401,Inf,23.1546844,0.982237433295684,1.08469633377227,1.08469633377227,0
0,22,1,0.03,1,1,4000,55,0,36,6,0,NaN,0,2.11946184990426,0.749875020829862,83.7252505250968,5,0.589670284500019,6.6706740554482,9.22844302161057,1,17.8081680697942,tune,0,2.33599758443851,2.51754998065049,Inf,20.7407364,0.994502390102426,1.15049360759651,1.15049360759651,0
0,24,1,0.03,1,1,4000,56,0,36,6,0,NaN,0,2.14550624743937,0.699883352774538,76.6977804697646,5,0.616008386146,6.9941922143958,8.8123166284609,1,17.5627040622076,tune,0,3.05469052460252,2.33909231293474,Inf,20.6015249,0.924006638900078,1.50445443315198,1.50445443315198,0
0,20,8,0.03,0.05,1,4000,57,0,36,6,0,NaN,0,2.04674253682493,1.2497917013831,95.3480544533629,5,0.501673824379444,3.39859154577846,10.4435254364909,2,27.210753510315,tune,0,0.615200164382902,4.50914962388782,2.175,25.955275,1.78123974211118,0.30298997791343,1.78123974211118,0
0,30,8,0.03,0.05,1,4000,58,0,36,6,0,NaN,0,2.078959317698,1.14980836527245,74.2109418752201,5,0.533890605557435,3.43958162784332,9.92481892025679,2,26.158785334801,tune,0,1.05868314304328,3.83271014964745,2.205,21.2321718,1.5140273018172,0.521408154124544,1.5140273018172,0
0,20,12,0.03,0.05,1,4000,59,0,36,6,0,NaN,0,2.01400462862325,0.949841693051158,91.8770279794342,5,0.468935916174585,4.95905039274526,11.0444825567034,2,20.5057099158093,tune,0,0.229416393721515,3.65480241297489,2.83500000000001,18.8842633,1.44374878869992,0.112989027134585,1.44374878869992,0
0,30,12,0.03,0.05,1,4000,60,0,36,6,0,NaN,0,2.03328077621043,0.949841693051158,61.5298199234657,5,0.488212064179155,5.00003842568465,10.7275195233252,2,20.1972728687451,tune,0,0.460201645413175,3.06364248718566,1.455,27.0613107,1.21022414623055,0.226652225490429,1.21022414623055,0
0,20,16,0.03,0.05,1,4000,61,0,36,6,0,NaN,0,2.00291089611076,0.749875020829862,91.8024224279171,5,0.464791294872891,6.45409968303648,11.2039258405396,2,16.9291298721309,tune,0,0.494961456486636,3.15568871380598,3.88500000000001,22.5023397,1.24658497047531,0.243771652628403,1.24658497047531,0
0,30,16,0.03,0.05,1,4000,62,0,36,6,0,NaN,0,2.01345625795379,0.749875020829862,61.2212897866941,5,0.473421916307716,6.49509026394239,11.0228515969695,2,16.830740882755,tune,0,0.59209367661014,2.62887200599845,2.355,19.4468782,1.03847769193575,0.291609886318447,1.03847769193575,0
0,40,12,0.03,0.05,1,4000,63,0,36,6,0,NaN,0,2.05066197816209,0.949841693051158,48.7677176793903,5,0.505593266216866,5.04102852175512,10.4434991985169,2,19.9489944571906,tune,0,0.671135731909357,2.72533846298119,1.545,25.3308371,1.07658463033674,0.330538599241281,1.07658463033674,0
0,40,16,0.03,0.05,1,4000,64,0,36,6,0,NaN,0,2.02495731565793,0.749875020829862,45.9242198036786,5,0.481997880949299,6.53607985815308,10.8418252169704,2,16.7690161818646,tune,0,0.68612415168012,2.3229707398509,1.53,27.0484335,0.917638168328562,0.337920490921782,0.917638168328562,1
0,30,12,0.03,0.1,1,4000,65,0,36,6,0,NaN,0,2.02303635064235,0.749875020829862,65.2230849141398,5,0.477967638771826,6.99197181959754,10.9456743090926,2,16.9437975691762,tune,0,0.800011142383628,2.98101488333554,2.22,25.2154817,1.17758394041579,0.394010555254739,1.17758394041579,0
0,30,16,0.03,0.1,1,4000,66,0,36,6,0,NaN,0,2.02945755544108,0.549908348608565,61.4111900404278,5,0.505782642168328,9.14593758571975,10.7870848072745,2,13.775633303525,tune,0,1.73079791207719,2.56915710228872,1.935,25.2503018,1.01488864110439,0.852428935351326,1.01488864110439,0
0,30,12,0.06,0.05,1,4000,67,0,36,6,0,NaN,0,2.0297092113744,0.949841693051158,61.6804522011399,5,0.48637086972288,4.63789525963019,10.6951004064902,2,21.1925141229895,tune,0,0.633075457648047,3.05524077884129,1.44,26.6347776,1.20690523733355,0.311793673076671,1.20690523733355,0
0,30,16,0.06,0.05,1,4000,68,0,36,6,0,NaN,0,2.05597708128277,0.749875020829862,61.2210544777546,5,0.518821063342392,5.8747814082346,10.2798429615528,2,18.112659329654,tune,0,1.22011939153647,2.62887130793755,2.34,24.675198,1.03847741618224,0.600916529117331,1.03847741618224,0
0.001,0.075,0.018,0.03,1,1,4000,69,0,36,6,0,NaN,0,2.06423905085496,0.84985835694051,41.1854685816414,5,0.51917033840948,5.27670397591204,10.2280053840853,3,19.285441320435,tune,0,0.858100360228967,2.43320610941655,1.59,27.7843356,0.961184210849845,0.422619863006831,0.961184210849845,1
0.001,0.1,0.018,0.03,1,1,4000,70,0,36,6,0,NaN,0,2.08905736836264,0.84985835694051,36.1218831544724,5,0.54398865591716,5.34700936893975,9.815137350592,3,19.0037288293279,tune,0,1.24580926578189,2.20754559598023,1.515,27.7490463,0.872042020351535,0.613568954914428,0.872042020351535,1
0.001,0.075,0.025,0.03,1,1,4000,71,0,36,6,0,NaN,0,2.05929685499339,0.749875020829862,35.6995632186801,5,0.514228142808022,6.25981865557092,10.2385443418677,3,17.194405463184,tune,0,0.845398983486271,2.04986922548993,1.23,37.7955605,0.809755460592846,0.416364354504813,0.809755460592846,1
0.001,0.1,0.025,0.03,1,1,4000,72,0,36,6,0,NaN,0,2.08146258573626,0.749875020829862,27.6061052238958,5,0.536393873290777,6.33012400970241,9.88151459466363,3,17.1000481327192,tune,0,1.05749556873489,1.8460715687738,1.095,26.6994036,0.729249707674647,0.520823266255032,0.729249707674647,1
0.001,0.15,0.025,0.03,1,1,4000,73,0,36,6,0,NaN,0,2.12635417143043,0.899850024995834,21.9890275178244,5,0.581285459409471,6.47073470767354,9.14856555473469,3,16.9114827681478,tune,0,1.65600180667493,1.63450439996695,1.11,27.3531175,0.645674780994839,0.815591379648505,0.815591379648505,1
0.001,0.1,0.035,0.03,1,1,4000,74,0,36,6,0,NaN,0,2.12261553904618,0.649891684719213,26.7631232939648,5,0.57933477609609,7.70801816287386,9.20088637354241,3,15.3799238013416,tune,0,1.85661347479097,1.55253288408704,1.41,23.6790358,0.613293748209214,0.914393896960291,0.914393896960291,1
0.002,0.075,0.018,0.03,1,1,4000,75,0,36,6,0,NaN,0,2.04258128450854,0.649891684719213,45.8236622864228,5,0.497512572063055,7.35678272087045,10.6372034708372,3,15.5096595605173,tune,0,1.08098359032042,2.31943020619467,2.16,21.3755772,0.916239558882703,0.532391265669608,0.916239558882703,1
0.002,0.1,0.018,0.03,1,1,4000,76,0,36,6,0,NaN,0,2.05624201385093,0.649891684719213,39.5556282205188,5,0.511173301405449,7.42708860763015,10.4073907851278,3,15.4172080536082,tune,0,1.21809570337995,2.06639575856079,1.86,24.731265,0.816283901642833,0.599919849881288,0.816283901642833,1
0.002,0.075,0.025,0.03,1,1,4000,77,0,36,6,0,NaN,0,2.03806771683106,0.649891684719213,37.1633724248337,5,0.507968569915599,8.27990440643953,10.6298292758238,3,14.4306226026238,tune,0,1.37068133895849,1.97254200102057,1.65000000000001,24.2853627,0.779209052320587,0.675069241949841,0.779209052320587,1
0.002,0.1,0.025,0.03,1,1,4000,78,0,36,6,0,NaN,0,2.04894554364067,0.649891684719213,30.3340258704805,5,0.516088517129176,8.3502097379244,10.443870465978,3,14.3869253613029,tune,0,1.45899020341547,1.75198180329535,1.38,18.6615273,0.69208162864079,0.718561917083017,0.718561917083017,1
0.001,0.1,0.025,0.06,1,1,4000,79,0,36,6,0,NaN,0,2.12600809672283,0.749875020829862,27.6142309537493,5,0.580939384277352,6.06678615596232,9.13141960574174,3,18.0787124026028,tune,0,1.76481628131375,1.85591247093246,1.17,19.601588,0.733137138229259,0.869183197688002,0.869183197688002,1
0.001,0.15,0.025,0.06,1,1,4000,80,0,36,6,0,NaN,0,2.17528484701543,0.799866688885186,20.670937891979,5,0.630216134569948,6.31469342591777,8.34500134959438,3,17.8874735716399,tune,0,2.2986615955838,1.65226729057684,0.900000000000006,23.4029827,0.652691617721986,1.1321053965826,1.1321053965826,0
