rpm,fraction,shape,method,Kp,Ki,accepted,rmse_rpm,peak_rpm,iae_rpm_s,fuel_peak_lbm_s,fuel_limit_percent,minimum_margin_percent,outside_training_percent,trim_error_rpm,gp_replay_error,wall_seconds
9000,0.05,ramps,PI,0.025,0.05,1,0.594153474482887,5.32465497307567,18.3087097664589,1.15636470954195,0,29.4044577897449,33.3277787035494,3.63797880709171e-12,2.32636132579955e-12,41.0629983
9000,0.05,ramps,VirtualFuel,4,40,1,0.370562617006627,2.22624043501492,14.3212237583598,1.14245735195866,0,29.8630012219869,34.3109481753041,3.63797880709171e-12,2.51354492775135e-12,75.6361641
9000,0.1,ramps,PI,0.025,0.05,1,1.19314306603586,10.6772387029541,36.7735784380474,1.33312577576445,0,24.4289169616843,33.3277787035494,3.63797880709171e-12,2.76045852842799e-12,39.8268792
9000,0.1,ramps,VirtualFuel,4,40,1,0.744078008466557,4.46486399276182,28.7655153718404,1.30460074390975,0,25.2776323199369,33.9943342776204,3.63797880709171e-12,1.99373850762186e-12,69.0552666
9000,0.2,ramps,PI,0.025,0.05,1,2.54005763769883,22.5534959215092,78.1104463530229,1.7351883576249,0,14.4445271471941,33.3277787035494,3.63797880709171e-12,3.54494211762812e-12,38.5182495
9000,0.2,ramps,VirtualFuel,4,40,1,1.58093050092005,9.47838241556201,61.1100840793059,1.66579602120804,0,16.2279872725697,33.7610398266956,3.63797880709171e-12,3.00137692477165e-12,63.4006056
9000,0.3,ramps,PI,0.025,0.05,1,3.97301930388849,35.3594557203432,121.624380422636,2.17123263436557,0,5.52567138928642,33.3277787035494,3.63797880709171e-12,2.21178630965824e-12,40.3010429
9000,0.3,ramps,VirtualFuel,4,40,1,2.46661370627074,14.7063680561787,95.1800039832923,2.04168960276213,0,8.30426143391737,33.3777703716047,3.63797880709171e-12,3.14481773955322e-12,49.363551
9500,0.05,ramps,PI,0.025,0.05,1,1.01658953726134,8.90503726918905,31.5380460906969,2.14558597639284,0,21.9050747797866,0,3.63797880709171e-12,3.0311309018316e-12,75.948545
9500,0.05,ramps,VirtualFuel,4,40,1,0.522166798606537,3.30107531684371,19.5192550427741,2.12590886617374,0,22.3164018480251,0,3.63797880709171e-12,3.66684460573197e-12,62.4679368
9500,0.1,ramps,PI,0.025,0.05,1,2.12513600840014,18.6416214226902,65.8633099756077,2.46909561473176,0,16.6687016274096,0,3.63797880709171e-12,3.55426799103498e-12,54.4641321
9500,0.1,ramps,VirtualFuel,4,40,1,1.09108393224036,6.86942670238204,40.7641900226612,2.42355019868664,0,17.5398227545051,0,3.63797880709171e-12,4.95048446680357e-12,53.5781211
9500,0.2,ramps,PI,0.025,0.05,1,4.45266742097516,39.2701220463041,137.687818345279,3.15319160468163,0,7.24485720889482,0,3.63797880709171e-12,4.88364904072114e-12,67.9535638
9500,0.2,ramps,VirtualFuel,4,40,1,2.28365702960949,14.4253235792639,85.2248481536614,3.04987431542209,0,8.93871685702351,0,3.63797880709171e-12,3.25184323912708e-12,57.0113139
9500,0.3,ramps,PI,0.025,0.05,0,NaN,NaN,NaN,NaN,NaN,NaN,0,3.63797880709171e-12,1.7448265055009e-12,106.7686107
9500,0.3,ramps,VirtualFuel,4,40,1,3.68136577756138,23.319846796112,137.317970481938,3.78790590757371,0,0.356432862439272,0,3.63797880709171e-12,3.0275781881528e-12,49.2891589
9500,0.2,steps,PI,0.025,0.05,1,6.42951707805486,54.0998334907035,137.688220227863,3.33346798280978,0,4.86393867394034,0,3.63797880709171e-12,3.83537646087007e-12,75.4648617
9500,0.2,steps,VirtualFuel,4,40,1,3.09508549804032,26.0187914266698,84.9444243379509,3.75780583882952,0,0.672833932950578,0,3.63797880709171e-12,3.23474580454786e-12,61.8980704
9500,0.3,steps,PI,0.025,0.05,0,NaN,NaN,NaN,NaN,NaN,NaN,0,3.63797880709171e-12,1.7448265055009e-12,118.0054813
9500,0.3,steps,VirtualFuel,4,40,0,NaN,NaN,NaN,NaN,NaN,NaN,0,3.63797880709171e-12,1.7448265055009e-12,84.87718
