ratio,factor
0,1
0.01,0.999974416048464
0.02,0.99989766812102
0.03,0.999769767998157
0.04,0.999590735310674
0.05,0.999360597534659
0.06,0.999079389984462
0.07,0.998747155803661
0.08,0.998363945954034
0.09,0.997929819202528
0.1,0.997444842106237
0.11,0.996909088995402
0.12,0.996322641954418
0.13,0.995685590800877
0.14,0.994998033062641
0.15,0.994260073952957
0.16,0.993471826343624
0.17,0.992633410736224
0.18,0.991744955231413
0.19,0.990806595496309
0.2,0.98981847472996
0.21,0.988780743626928
0.22,0.987693560338983
0.23,0.986557090434937
0.24,0.985371506858619
0.25,0.984136989885013
0.26,0.982853727074579
0.27,0.981521913225757
0.28,0.980141750325688
0.29,0.978713447499162
0.3,0.977237220955811
0.31,0.975713293935564
0.32,0.974141896652391
0.33,0.972523266236347
0.34,0.970857646673937
0.35,0.969145288746833
0.36,0.967386449968951
0.37,0.965581394521922
0.38,0.963730393188967
0.39,0.961833723287218
0.4,0.95989166859848
0.41,0.957904519298493
0.42,0.955872571884691
0.43,0.953796129102493
0.44,0.951675499870153
0.45,0.949510999202198
0.46,0.947302948131472
0.47,0.945051673629816
0.48,0.942757508527416
0.49,0.940420791430843
0.5,0.938041866639814
0.51,0.935621084062703
0.52,0.933158799130824
0.53,0.930655372711536
0.54,0.928111171020168
0.55,0.925526565530829
0.56,0.922901932886101
0.57,0.920237654805671
0.58,0.917534117993916
0.59,0.914791714046489
0.6,0.91201083935591
0.61,0.909191895016232
0.62,0.906335286726777
0.63,0.903441424695002
0.64,0.900510723538505
0.65,0.897543602186229
0.66,0.894540483778869
0.67,0.891501795568536
0.68,0.888427968817705
0.69,0.885319438697478
0.7,0.88217664418519
0.71,0.879000027961415
0.72,0.875790036306368
0.73,0.872547118995781
0.74,0.86927172919624
0.75,0.865964323360065
0.76,0.862625361119723
0.77,0.859255305181839
0.78,0.855854621220824
0.79,0.852423777772162
0.8,0.848963246125382
0.81,0.84547350021675
0.82,0.841955016521732
0.83,0.838408273947228
0.84,0.83483375372365
0.85,0.831231939296847
0.86,0.827603316219922
0.87,0.823948372044987
0.88,0.820267596214863
0.89,0.816561479954778
0.9,0.812830516164099
0.91,0.80907519930811
0.92,0.805296025309889
0.93,0.801493491442311
0.94,0.797668096220208
0.95,0.793820339292709
0.96,0.789950721335816
0.97,0.786059743945226
0.98,0.782147909529435
0.99,0.778215721203163
1,0.774263682681127
1.01,0.77029229817219
1.02,0.766302072273919
1.03,0.762293509867581
1.04,0.758267116013609
1.05,0.754223395847571
1.06,0.750162854476655
1.07,0.746085996876723
1.08,0.741993327789943
1.09,0.737885351623039
1.1,0.733762572346173
1.11,0.729625493392508
1.12,0.725474617558459
1.13,0.721310446904667
1.14,0.717133482657721
1.15,0.71294422511266
1.16,0.708743173536268
1.17,0.704530826071194
1.18,0.700307679640927
1.19,0.696074229855642
1.2,0.691830970918937
1.21,0.687578395535496
1.22,0.6833169948197
1.23,0.679047258205188
1.24,0.674769673355418
1.25,0.670484726075234
1.26,0.666192900223455
1.27,0.66189467762652
1.28,0.657590537993198
1.29,0.65328095883039
1.3,0.648966415360034
1.31,0.644647380437137
1.32,0.640324324468947
1.33,0.635997715335292
1.34,0.631668018310086
1.35,0.627335695984038
1.36,0.623001208188558
1.37,0.618665011920898
1.38,0.614327561270521
1.39,0.609989307346731
1.4,0.605650698207558
1.41,0.601312178789934
1.42,0.596974190841143
1.43,0.592637172851593
1.44,0.588301559988882
1.45,0.583967784033206
1.46,0.579636273314084
1.47,0.575307452648443
1.48,0.570981743280047
1.49,0.566659562820289
1.5,0.562341325190349
1.51,0.558027440564741
1.52,0.553718315316229
1.53,0.549414351962142
1.54,0.545115949112079
1.55,0.540823501417022
1.56,0.536537399519852
1.57,0.532258030007266
1.58,0.527985775363123
1.59,0.523721013923193
1.6,0.519464119831334
1.61,0.515215462997083
1.62,0.510975409054676
1.63,0.506744319323483
1.64,0.50252255076988
1.65,0.498310455970529
1.66,0.494108383077095
1.67,0.489916675782375
1.68,0.485735673287854
1.69,0.48156571027268
1.7,0.477407116864048
1.71,0.473260218609004
1.72,0.469125336447656
1.73,0.465002786687793
1.74,0.460892880980895
1.75,0.456795926299557
1.76,0.452712224916285
1.77,0.44864207438369
1.78,0.444585767516055
1.79,0.440543592372276
1.8,0.436515832240166
1.81,0.432502765622117
1.82,0.428504666222113
1.83,0.424521802934084
1.84,0.420554439831587
1.85,0.416602836158819
1.86,0.412667246322936
1.87,0.408747919887678
1.88,0.40484510156829
1.89,0.400959031227719
1.9,0.397089943874094
1.91,0.39323806965945
1.92,0.389403633879717
1.93,0.385586856975937
1.94,0.381787954536701
1.95,0.378007137301811
1.96,0.374244611167125
1.97,0.3705005771906
1.98,0.366775231599495
1.99,0.363068765798744
2,0.359381366380463
2.01,0.355713215134588
2.02,0.352064489060633
2.03,0.348435360380541
2.04,0.344825996552623
2.05,0.341236560286565
2.06,0.337667209559486
2.07,0.334118097633043
2.08,0.330589373071544
2.09,0.327081179761079
2.1,0.323593656929628
2.11,0.320126939168156
2.12,0.316681156452647
2.13,0.313256434167093
2.14,0.309852893127391
2.15,0.306470649606154
2.16,0.303109815358405
2.17,0.299770497648138
2.18,0.296452799275739
2.19,0.293156818606234
2.2,0.289882649598354
2.21,0.286630381834405
2.22,0.283400100550909
2.23,0.280191886670019
2.24,0.277005816831665
2.25,0.273841963426436
2.26,0.27070039462917
2.27,0.267581174433227
2.28,0.264484362685436
2.29,0.2614100151217
2.3,0.258358183403229
2.31,0.255328915153389
2.32,0.252322253995156
2.33,0.24933823958914
2.34,0.246376907672177
2.35,0.24343829009646
2.36,0.240522414869195
2.37,0.237629306192762
2.38,0.234758984505365
2.39,0.231911466522151
2.4,0.229086765276777
2.41,0.226284890163418
2.42,0.22350584697918
2.43,0.220749637966914
2.44,0.218016261858413
2.45,0.215305713917966
2.46,0.212617985986252
2.47,0.209953066524569
2.48,0.207310940659361
2.49,0.204691590227046
2.5,0.202094993819108
2.51,0.199521126827451
2.52,0.196969961489992
2.53,0.194441466936473
2.54,0.191935609234482
2.55,0.189452351435659
2.56,0.186991653622079
2.57,0.184553472952789
2.58,0.182137763710478
2.59,0.179744477348286
2.6,0.177373562536704
2.61,0.175024965210579
2.62,0.172698628616183
2.63,0.170394493358359
2.64,0.168112497447696
2.65,0.16585257634775
2.66,0.163614663022268
2.67,0.161398687982425
2.68,0.15920457933404
2.69,0.157032262824767
2.7,0.154881661891248
2.71,0.152752697706207
2.72,0.150645289225477
2.73,0.148559353234947
2.74,0.146494804397409
2.75,0.144451555299301
2.76,0.142429516497329
2.77,0.140428596564953
2.78,0.13844870213873
2.79,0.136489737964495
2.8,0.13455160694338
2.81,0.132634210177645
2.82,0.130737447016313
2.83,0.128861215100617
2.84,0.127005410409211
2.85,0.125169927303172
2.86,0.123354658570761
2.87,0.12155949547193
2.88,0.119784327782585
2.89,0.118029043838579
2.9,0.11629353057942
2.91,0.114577673591711
2.92,0.11288135715228
2.93,0.111204464271017
2.94,0.1095468767334
2.95,0.10790847514269
2.96,0.106289138961817
2.97,0.104688746554909
2.98,0.103107175228498
2.99,0.101544301272359
3,0.1
3.01,0.0984741457887857
3.02,0.0969666121196882
3.03,0.0954772716166611
3.04,0.094005996085628
3.05,0.0925526565530829
3.06,0.0911171233042919
3.07,0.0896992659210962
3.08,0.0882989533193063
3.09,0.0869160537856856
3.1,0.0855504350145161
3.11,0.084201964143744
3.12,0.0828705077906982
3.13,0.0815559320873803
3.14,0.0802581027153191
3.15,0.0789768849399886
3.16,0.0777121436447843
3.17,0.0764637433645551
3.18,0.0752315483186871
3.19,0.0740154224437377
3.2,0.0728152294256151
3.21,0.0716308327313036
3.22,0.0704620956401295
3.23,0.0693088812745676
3.24,0.0681710526305854
3.25,0.0670484726075235
3.26,0.0659410040375109
3.27,0.0648485097144138
3.28,0.063770852422316
3.29,0.0627078949635318
3.3,0.0616595001861482
3.31,0.0606255310110984
3.32,0.0596058504587637
3.33,0.0586003216751055
3.34,0.0576088079573266
3.35,0.0566311727790609
3.36,0.0556672798150948
3.37,0.0547169929656159
3.38,0.0537801763799952
3.39,0.052856694480099
3.4,0.0519464119831334
3.41,0.0510491939240227
3.42,0.0501649056773223
3.43,0.0492934129786666
3.44,0.0484345819457561
3.45,0.0475882790988817
3.46,0.0467543713809912
3.47,0.0459327261772979
3.48,0.0451232113344337
3.49,0.04432569517915
3.5,0.0435400465365664
3.51,0.0427661347479728
3.52,0.042003829688183
3.53,0.0412530017824481
3.54,0.0405135220229264
3.55,0.0397852619847175
3.56,0.0390680938414609
3.57,0.0383618903805027
3.58,0.037666525017634
3.59,0.0369818718114038
3.6,0.0363078054770101
3.61,0.0356442013997722
3.62,0.0349909356481875
3.63,0.034347884986578
3.64,0.0337149268873277
3.65,0.0330919395427164
3.66,0.0324788018763537
3.67,0.031875393554216
3.68,0.0312815949952915
3.69,0.0306972873818367
3.7,0.0301223526692485
3.71,0.0295566735955568
3.72,0.0290001336905407
3.73,0.0284526172844728
3.74,0.0279140095164972
3.75,0.0273841963426436
3.76,0.0268630645434833
3.77,0.0263505017314313
3.78,0.0258463963576984
3.79,0.0253506377188989
3.8,0.024863115963317
3.81,0.0243837220968383
3.82,0.0239123479885495
3.83,0.0234488863760118
3.84,0.0229932308702122
3.85,0.0225452759601982
3.86,0.0221049170173995
3.87,0.0216720502996424
3.88,0.0212465729548616
3.89,0.0208283830245132
3.9,0.0204173794466953
3.91,0.0200134620589794
3.92,0.0196165316009586
3.93,0.0192264897165168
3.94,0.018843238955824
3.95,0.0184666827770624
3.96,0.0180967255478879
3.97,0.0177332725466328
3.98,0.0173762299632527
3.99,0.017025504900025
4,0.0166810053720006
4.01,0.0163426403072166
4.02,0.0160103195466733
4.03,0.0156839538440799
4.04,0.015363454865375
4.05,0.0150487351880251
4.06,0.0147397083001073
4.07,0.0144362885991799
4.08,0.0141383913909456
4.09,0.013845932887713
4.1,0.0135588302066594
4.11,0.0132770013679008
4.12,0.0130003652923738
4.13,0.0127288417995321
4.14,0.0124623516048651
4.15,0.0122008163172398
4.16,0.0119441584360735
4.17,0.0116923013483392
4.18,0.0114451693254105
4.19,0.0112026875197477
4.2,0.0109647819614318
4.21,0.0107313795545496
4.22,0.0105024080734335
4.23,0.0102777961587623
4.24,0.0100574733135244
4.25,0.00984136989885012
4.26,0.00962941712971556
4.27,0.00942154707052245
4.28,0.00921769263055847
4.29,0.00901778755934156
4.3,0.0088217664418519
4.31,0.00862956469365627
4.32,0.00844111855592767
4.33,0.00825636509036467
4.34,0.00807524217401379
4.35,0.00789768849399885
4.36,0.00772364354216095
4.37,0.00755304760961228
4.38,0.00738584178120797
4.39,0.00722196792993868
4.4,0.00706136871124811
4.41,0.00690398755727843
4.42,0.00674976867104683
4.43,0.00659865702055701
4.44,0.00645059833284832
4.45,0.00630553908798607
4.46,0.00616342651299605
4.47,0.00602420857574626
4.48,0.0058878339787791
4.49,0.00575425215309688
4.5,0.00562341325190349
4.51,0.00549526814430541
4.52,0.00536976840897458
4.53,0.00524686632777617
4.54,0.00512651487936377
4.55,0.00500866773274493
4.56,0.00489327924081936
4.57,0.00478030443389278
4.58,0.00466969901316855
4.59,0.00456141934421983
4.6,0.00445542245044464
4.61,0.00435166600650614
4.62,0.00425010833176047
4.63,0.00415070838367458
4.64,0.00405342575123604
4.65,0.00395822064835722
4.66,0.00386505390727587
4.67,0.00377388697195424
4.68,0.00368468189147869
4.69,0.00359740131346187
4.7,0.00351200847744945
4.71,0.00342846720833313
4.72,0.00334674190977187
4.73,0.00326679755762322
4.74,0.00318859969338638
4.75,0.00311211441765873
4.76,0.00303730838360753
4.77,0.00296414879045841
4.78,0.00289260337700211
4.79,0.00282264041512123
4.8,0.00275422870333817
4.81,0.00268733756038595
4.82,0.00262193681880329
4.83,0.00255799681855501
4.84,0.00249548840067959
4.85,0.0024343829009646
4.86,0.00237465214365168
4.87,0.00231626843517193
4.88,0.00225920455791317
4.89,0.00220343376401988
4.9,0.00214892976922705
4.91,0.00209566674672909
4.92,0.00204361932108447
4.93,0.0019927625621574
4.94,0.00194307197909723
4.95,0.00189452351435659
4.96,0.00184709353774903
4.97,0.00180075884054704
4.98,0.00175549662962123
4.99,0.00171128452162138
5,0.00166810053720006
5.01,0.00162592309527955
5.02,0.00158473100736275
5.03,0.00154450347188849
5.04,0.00150522006863213
5.05,0.00146686075315172
5.06,0.00142940585128045
5.07,0.00139283605366568
5.08,0.00135713241035532
5.09,0.00132227632543163
5.1,0.00128824955169313
5.11,0.00125503418538488
5.12,0.00122261266097748
5.13,0.00119096774599519
5.14,0.00116008253589334
5.15,0.00112994044898552
5.16,0.00110052522142054
5.17,0.00107182090220961
5.18,0.00104381184830381
5.19,0.0010164827197221
5.2,0.000989818474729959
5.21,0.000963804365068942
5.22,0.000938425931237017
5.23,0.000913668997820046
5.24,0.000889519668874285
5.25,0.000865964323360065
5.26,0.000842989610626641
5.27,0.000820582445948242
5.28,0.000798730006111313
5.29,0.000777419725052924
5.3,0.000756639289550316
5.31,0.000736376634961515
5.32,0.000716619941016955
5.33,0.000697357627662028
5.34,0.000678578350950407
5.35,0.000660270998988105
5.36,0.000642424687928057
5.37,0.00062502875801513
5.38,0.000608072769681364
5.39,0.000591546499691294
5.4,0.000575439937337156
5.41,0.000559743280683761
5.42,0.000544446932862846
5.43,0.000529541498416668
5.44,0.0005150177796906
5.45,0.000500866773274493
5.46,0.000487079666492536
5.47,0.000473647833941351
5.48,0.000460562834076043
5.49,0.000447816405843937
5.5,0.000435400465365665
5.51,0.000423307102663343
5.52,0.000411528578435511
5.53,0.000400057320878489
5.54,0.00038888592255388
5.55,0.000378007137301811
5.56,0.000367413877199639
5.57,0.000357099209565733
5.58,0.000347056354007987
5.59,0.00033727867951671
5.6,0.00032775970160152
5.61,0.000318493079471872
5.62,0.000309472613260857
5.63,0.00030069224129186
5.64,0.000292146037387733
5.65,0.000283828208222056
5.66,0.000275733090712123
5.67,0.000267855149453233
5.68,0.000260188974193901
5.69,0.000252729277351583
5.7,0.000245470891568503
5.71,0.000238408767307183
5.72,0.000231537970485257
5.73,0.000224853680149162
5.74,0.00021835118618629
5.75,0.000212025887075183
5.76,0.000205873287673352
5.77,0.000199888997042315
5.78,0.000194068726309404
5.79,0.00018840828656596
5.8,0.00018290358680146
5.81,0.000177550631873172
5.82,0.000172345520510916
5.83,0.000167284443356501
5.84,0.000162363681037421
5.85,0.000157579602274392
5.86,0.0001529286620223
5.87,0.000148407399644143
5.88,0.000144012437117557
5.89,0.000139740477273485
5.9,0.000135588302066593
5.91,0.000131552770877011
5.92,0.000127630818842963
5.93,0.000123819455223911
5.94,0.000120115761793758
5.95,0.000116516891263734
5.96,0.000113020065734535
5.97,0.000109622575177311
5.98,0.000106321775943111
5.99,0.000103115089300363
6,9.99999999999999e-05
