accepted,rmse_rpm,peak_rpm,iae_rpm_s,minimum_margin_percent,fuel_peak_lbm_s,fuel_limit_percent,ringing_excess_TV_lbm_s,max_2s_fuel_range_lbm_s,max_fuel_slew_lbm_s2,settling_to_point1_rpm_s,recovery_1pct_speed_s,events_inside_1pct_throughout,first_failure_eval_s,environment,altitude_m,isa_delta_C,method,Kp,Ki,reference_hp,load_hp,wall_seconds,compressor_Nc_outside_percent,inlet_temperature_K,inlet_pressure_kPa,gp_replay_error,gp_outside_percent
1,3.08010530625156,26.3619527785122,65.8635110342151,15.2382740244319,2.56044779311017,0,2.37096658551096,0.710976432918099,5.83566026005874,2.625,0,6,NaN,1,0,0,BasePI,0.025,0.05,19160.7938865265,1916.07938865266,3.3342905,0,288.150008033319,99.2988461167942,0,0
1,1.94168590997665,16.5183846979744,54.4735747608173,14.648411045334,2.612678000342,0,4.80270721488147,0.781290071872064,12.6130084109648,3.735,0,6,NaN,1,0,0,InvGPR_PI_GPRFF,2,30,19160.7938865265,1916.07938865266,20.0707102,0,288.150008033319,99.2988461167942,3.48343576206389e-12,0.599900016663889
1,2.88311591514803,24.5784538477237,61.2809182182532,10.4514539211097,2.42103120197329,0,2.24620501552893,0.664527131309658,5.34196388653519,2.535,0,6,NaN,2,2500,0,BasePI,0.025,0.05,17286.7555661326,1728.67555661326,2.9470849,0,271.90273846482,73.4442916025421,0,0
1,1.95247064392468,15.1867487283016,61.1711471050423,10.0275986787219,2.45638704348313,0,4.3593117742457,0.728369970694682,11.843321141147,4.53,0,6,NaN,2,2500,0,InvGPR_PI_GPRFF,2,30,17286.7555661326,1728.67555661326,219.0075964,0,271.90273846482,73.4442916025421,3.07598391202646e-12,0.599900016663889
1,2.4853048867685,21.3566132514043,51.4922630832394,5.97568711731296,2.10084603434189,0,2.18875575655244,0.583170316144641,4.57755634323297,2.37,0,6,NaN,3,5000,0,BasePI,0.025,0.05,14468.0677472754,1446.80677472754,4.0864869,0,255.676800657237,53.1431818867567,0,0
1,2.5726362425551,13.2670968819893,129.513904249567,6.05055582639738,2.09698102836812,0,3.59103464803766,0.61801111927148,10.334908695584,Inf,0,6,NaN,3,5000,0,InvGPR_PI_GPRFF,2,30,14468.0677472754,1446.80677472754,235.8327169,0,255.676800657237,53.1431818867567,4.7777337641719e-12,0.449925012497917
1,1.87368550959035,16.1994541873719,38.6193488147785,2.51949033856226,1.60731725960965,0,1.70451665946523,0.441007799219866,3.47820874295297,2.235,0,6,NaN,4,7500,0,BasePI,0.025,0.05,10967.3389529042,1096.73389529042,3.5212637,0,239.455988115567,37.5898074200669,0,0
1,2.11283175038562,10.0247950937355,115.647823153531,2.5991132457511,1.60374251847043,0,2.64936058124148,0.45808321720397,7.4997253561063,Inf,0,6,NaN,4,7500,0,InvGPR_PI_GPRFF,2,30,10967.3389529042,1096.73389529042,22.9974105,0,239.455988115567,37.5898074200669,4.14690504157988e-12,0.399933344442593
1,1.24671492248772,11.1013775950396,25.1405239232115,2.17391608118599,1.07760767419824,0,1.28116276011255,0.297393207008836,2.40682363516365,2.01000000000001,0,6,NaN,5,10000,0,BasePI,0.025,0.05,7524.96573067779,752.496573067779,3.1811616,100,223.251744631656,26.113108584684,0,0
1,6.25579642827395,12.0814549526294,450.155167098864,2.53975187974593,1.06556914722033,0,1.62991421976402,0.29409745401424,4.67794905430835,Inf,0,6,NaN,5,10000,0,InvGPR_PI_GPRFF,2,30,7524.96573067779,752.496573067779,30.1486036,100,223.251744631656,26.113108584684,3.61755070343861e-12,0
1,3.52902427281155,29.9748230591213,76.20582694909,12.4921994078824,2.9716145585136,0,2.55390917891044,0.806780795705108,6.59737296900487,2.7,0,6,NaN,6,0,-10,BasePI,0.025,0.05,21712.2120200638,2171.22120200638,3.4539031,0,278.150030372126,99.2988461167942,0,0
1,2.09069410623723,18.6751610986175,55.3616432182371,11.6642298959152,3.05227157877812,0,5.59825815090375,0.90098956768692,14.4211357347798,3.45,0,6,NaN,6,0,-10,InvGPR_PI_GPRFF,2,30,21712.2120200638,2171.22120200638,29.2060957,0,278.150030372126,99.2988461167942,2.66098254542158e-12,0.599900016663889
1,3.22304014935786,27.2734590102446,68.7774636547848,7.6169668608561,2.74627100120303,0,2.46126715450189,0.743314406463852,5.93370068968092,2.595,0,6,NaN,7,2500,-10,BasePI,0.025,0.05,19251.6031913412,1925.16031913412,3.1260264,0,261.897755638482,73.4390073299865,0,0
1,2.14914608600029,17.1023010885274,66.9812786260607,7.24479303333573,2.78414040765216,0,5.09850813826018,0.831756766319051,14.1638799400407,4.63500000000001,0,6,NaN,7,2500,-10,InvGPR_PI_GPRFF,2,30,19251.6031913412,1925.16031913412,829.9395809,0,261.897755638482,73.4390073299865,4.96891416901235e-12,0.599900016663889
1,2.57598408854443,22.1924184286436,53.3758151934776,3.92995191313311,2.20164843422476,0,2.28281005874944,0.604264197657515,4.7702939668253,2.38500000000001,0,6,NaN,8,5000,-10,BasePI,0.025,0.05,15098.5616373111,1509.85616373111,3.6864703,0,245.676799448755,53.1431818867567,0,0
1,2.62121326239017,13.8133275644068,128.959150556524,3.98004041873391,2.19889705996884,0,3.72689486758352,0.63943151363498,10.6532196618774,Inf,0,6,NaN,8,5000,-10,InvGPR_PI_GPRFF,2,30,15098.5616373111,1509.85616373111,21.7072587,0,245.676799448755,53.1431818867567,4.4415582323154e-12,0.549908348608565
1,1.86041726053189,16.4171950052551,37.6011857278469,1.86001403520606,1.59796010103828,0,1.86861348725269,0.442177030073981,3.52182588631954,2.19,0,6,NaN,9,7500,-10,BasePI,0.025,0.05,10985.0365037909,1098.50365037909,4.2438573,100,229.455959192693,37.5898074200669,0,0
1,31.1000187221633,78.3121389362768,2030.32411654464,2.21845409991258,1.5807298219919,0,2.41697545723133,0.440432000143423,7.01891752969002,Inf,0,6,NaN,9,7500,-10,InvGPR_PI_GPRFF,2,30,10985.0365037909,1098.50365037909,21.2213488,100,229.455959192693,37.5898074200669,3.22164517285728e-12,0.399933344442593
1,1.17324980385403,10.5584251868768,23.520479833416,2.65666874153932,1.02681532287807,0,1.26005128638325,0.281068782245841,2.3337166647917,1.98,0,6,NaN,10,10000,-10,BasePI,0.025,0.05,7350.50681618585,735.050681618585,3.5891342,100,213.25185203413,26.113108584684,0,0
1,7.10625824775962,13.4464537827498,507.225929362428,3.00928521969502,1.0157657972887,0,1.58457284185846,0.277653082668052,4.4741368279412,Inf,0,6,NaN,10,10000,-10,InvGPR_PI_GPRFF,2,30,7350.50681618585,735.050681618585,21.5488874,100,213.25185203413,26.113108584684,3.01303426653021e-12,0
1,2.71986360600175,23.5356567196905,57.7698104753039,17.0783411361901,2.22276919978216,0,2.16970072970909,0.628390176239307,5.22383827235979,2.52,0,6,NaN,11,0,10,BasePI,0.025,0.05,16992.6176085723,1699.26176085723,3.4958776,0,298.150002121757,99.2988461167942,0,0
1,1.790478955793,14.6460477096916,53.3235867615823,16.4951069496038,2.2674784512425,0,4.29640035918912,0.691167334133291,11.280000785516,4.08,0,6,NaN,11,0,10,InvGPR_PI_GPRFF,2,30,16992.6176085723,1699.26176085723,22.4089116,0,298.150002121757,99.2988461167942,4.15512069196211e-12,0.599900016663889
1,2.51663601664706,21.6263418082963,53.4226224504186,13.4390631470848,2.0918889672389,0,1.99785159041078,0.582000166894866,4.73341331076567,2.47499999999999,0,6,NaN,12,2500,10,BasePI,0.025,0.05,15334.0819313996,1533.40819313996,4.4997412,0,281.907863287707,73.4491842176651,0,0
1,1.72688821438945,13.4604986472859,54.1965386278944,12.9341380653349,2.12722704367043,0,3.78138655832963,0.630499057594376,10.11887244492,4.41,0,6,NaN,12,2500,10,InvGPR_PI_GPRFF,2,30,15334.0819313996,1533.40819313996,22.317034,0,281.907863287707,73.4491842176651,3.12705417115922e-12,0.499916680553241
1,2.26566804036647,19.3502268832181,47.6870688375382,8.5512148381876,1.90685224870358,0,1.85433883767564,0.526431413838997,4.17753329320768,2.38500000000001,0,6,NaN,13,5000,10,BasePI,0.025,0.05,13381.6442322856,1338.16442322856,3.586515,0,265.667604822196,53.1366302197166,0,0
1,1.74875865609002,11.9820095603664,64.2606578568543,8.33724338178387,1.92211427458288,0,3.38939047856495,0.569527115197006,9.41719171616563,Inf,0,6,NaN,13,5000,10,InvGPR_PI_GPRFF,2,30,13381.6442322856,1338.16442322856,22.208995,0,265.667604822196,53.1366302197166,2.84061663080593e-12,0.399933344442593
1,1.80697328313958,15.5904701607142,37.2475241467406,4.65846754553949,1.53341731752654,0,1.63450168812155,0.425163605041116,3.3382213469916,2.205,0,6,NaN,14,7500,10,BasePI,0.025,0.05,10508.7503506579,1050.87503506579,3.1680298,0,249.455992385199,37.5898074200669,0,0
1,2.11401653082756,9.62791449955694,120.874605814314,4.76478583089019,1.52903008319367,0,2.56136935551488,0.443240760534549,7.30721289681181,Inf,0,6,NaN,14,7500,10,InvGPR_PI_GPRFF,2,30,10508.7503506579,1050.87503506579,833.4135315,0,249.455992385199,37.5898074200669,3.41615624677161e-12,0.349941676387269
1,1.31993162253781,11.5610137595795,26.748501165995,1.67452427551638,1.12983785653279,0,1.30109938145904,0.313601626128937,2.46975938979777,2.04000000000001,0,6,NaN,15,10000,10,BasePI,0.025,0.05,7694.94219955007,769.494219955007,3.2278557,100,233.251835360744,26.113108584684,0,0
1,21.6873398875559,44.6897708699216,1461.99116108226,2.01450128163417,1.11828426493685,0,1.74286762414552,0.314290695114524,5.04957288042944,Inf,0,6,NaN,15,10000,10,InvGPR_PI_GPRFF,2,30,7694.94219955007,769.494219955007,832.2854871,100,233.251835360744,26.113108584684,2.57160959193925e-12,0
1,2.35439289036423,20.4713888468596,49.7702884921067,19.0978280554085,1.90039373921075,0,1.93369704473092,0.545077617966193,4.56819386926091,2.44500000000001,0,6,NaN,16,0,20,BasePI,0.025,0.05,14929.4258601711,1492.94258601711,3.7501144,0,308.15000055592,99.2988461167942,0,0
1,1.58024674404487,12.8005205433074,47.9376662170993,18.4573043701845,1.94072075166002,0,3.76899076758629,0.597143388750861,9.7794755378422,4.095,0,6,NaN,16,0,20,InvGPR_PI_GPRFF,2,30,14929.4258601711,1492.94258601711,23.5443245,0,308.15000055592,99.2988461167942,2.99804625569777e-12,0.449925012497917
1,2.20955589628807,19.159559261816,46.4428074151541,15.861080623944,1.80881012728322,0,1.85428076071222,0.51396128675803,4.21419382658255,2.38500000000001,0,6,NaN,17,2500,20,BasePI,0.025,0.05,13561.219926266,1356.1219926266,3.4444532,0,291.907849723649,73.4491842176651,0,0
1,1.65091130419694,11.9541542947081,56.6908671452606,15.5444520145791,1.83005660053759,0,3.28188646544019,0.551343643009695,8.91960879585776,Inf,0,6,NaN,17,2500,20,InvGPR_PI_GPRFF,2,30,13561.219926266,1356.1219926266,22.625954,0,291.907849723649,73.4491842176651,3.88244991711417e-12,0.399933344442593
1,2.00832240816931,17.2684504006083,42.2220237082167,11.5569879146513,1.66941551368692,0,1.65625211480013,0.466532361724508,3.73519441284074,2.34,0,6,NaN,18,5000,20,BasePI,0.025,0.05,11974.0025470369,1197.4002547037,3.3893192,0,275.676843658552,53.1431818867567,0,0
1,1.55211974043538,10.614908551619,56.3945856003361,11.3014195154398,1.68435637882379,0,2.92136525725242,0.499299251426903,8.06747858154603,Inf,0,6,NaN,18,5000,20,InvGPR_PI_GPRFF,2,30,11974.0025470369,1197.4002547037,22.5556874,0,275.676843658552,53.1431818867567,2.95363733471277e-12,0.399933344442593
1,1.74214617804075,15.0002795543114,35.929156225512,6.6901482463037,1.4621495723507,0,1.55704607374439,0.409036624881776,3.20308191202008,2.19,0,6,NaN,19,7500,20,BasePI,0.025,0.05,10071.7437119707,1007.17437119707,4.1276127,0,259.439368930873,37.5811821645185,0,0
1,1.85578723862633,9.19194339158639,98.0214563496684,6.68447229143747,1.46280591089347,0,2.52623218575259,0.428460376312601,7.05391126288366,Inf,0,6,NaN,19,7500,20,InvGPR_PI_GPRFF,2,30,10071.7437119707,1007.17437119707,24.8681486,0,259.439368930873,37.5811821645185,3.68971520003925e-12,0.299950008331945
1,1.28902275746114,11.1586720150444,26.4576789362009,3.28552346284238,1.09868472524937,0,1.19185550709973,0.30407178949556,2.38804070138194,2.05500000000001,0,6,NaN,20,10000,20,BasePI,0.025,0.05,7495.65948897027,749.565948897027,3.3002147,0,243.251849591271,26.113108584684,0,0
1,1.69901524245228,6.87341693473536,108.72497114029,3.42776511251784,1.09413161150896,0,1.79097347695141,0.31246490718289,5.09281800122234,Inf,0,6,NaN,20,10000,20,InvGPR_PI_GPRFF,2,30,7495.65948897027,749.565948897027,24.0306829,0,243.251849591271,26.113108584684,3.78630460318163e-12,0
1,4.0069382074218,33.7859373987449,86.5909171309434,9.49753779512113,3.41222310560216,0,2.86629041663119,0.915235864715356,7.4080984695188,2.76000000000001,0,6,NaN,21,0,-20,BasePI,0.025,0.05,24347.1596241866,2434.71596241866,3.084932,0,268.144318948034,99.2913315901659,0,0
1,2.38192771300916,21.0938352401845,63.863173194902,8.87731064748964,3.48753041852013,0,6.38035781920104,1.03699308299773,17.0732632369237,3.645,0,6,NaN,21,0,-20,InvGPR_PI_GPRFF,2,30,24347.1596241866,2434.71596241866,22.5426796,0,268.144318948034,99.2913315901659,2.48423503990125e-12,0.599900016663889
1,3.45723840230433,29.6393639438538,72.1405120678929,5.30833474361358,2.94599684875957,0,2.95556956664063,0.807705455804143,6.38393175277372,2.55,0,6,NaN,22,2500,-20,BasePI,0.025,0.05,20318.6166886881,2031.86166886881,3.5745415,0,251.907844489376,73.4491842176651,0,0
1,3.06036973960962,18.6496802639922,128.735231156394,5.35254172251075,2.94350892434184,0,5.15008214720406,0.877294192423753,15.0155435311751,Inf,0,6,NaN,22,2500,-20,InvGPR_PI_GPRFF,2,30,20318.6166886881,2031.86166886881,24.0649405,0,251.907844489376,73.4491842176651,4.46265246978328e-12,0.649891684719213
1,2.70518409485469,23.7815692199038,55.2755133998796,1.76753121542134,2.30854923196264,0,2.55274840187604,0.644608003086446,5.06393372701308,2.355,0,6,NaN,23,5000,-20,BasePI,0.025,0.05,15742.2175426381,1574.22175426381,3.4961222,97.6003999333444,235.676790500056,53.1431818867567,0,0
1,3.9520371672338,14.4571109266508,279.888182496822,1.85650684616662,2.30298827352661,0,3.72170655927999,0.654434295140014,10.5852328240629,Inf,0,6,NaN,23,5000,-20,InvGPR_PI_GPRFF,2,30,15742.2175426381,1574.22175426381,23.5554347,83.8526912181303,235.676790500056,53.1431818867567,4.71200856111409e-12,0.549908348608565
1,1.75608484462035,15.7000523086681,35.3188638749944,2.34787861521619,1.52379483377015,0,1.83974738547174,0.419369986219898,3.43274353438212,2.16,0,6,NaN,24,7500,-20,BasePI,0.025,0.05,10737.5030251394,1073.75030251394,2.8878219,100,219.45577413952,37.5898074200669,0,0
1,14.1091379727308,30.2218724104678,978.914834991995,2.71489501468966,1.50675003217728,0,2.29648187799959,0.412999196275647,6.54391568244995,Inf,0,6,NaN,24,7500,-20,InvGPR_PI_GPRFF,2,30,10737.5030251394,1073.75030251394,23.9393509,100,219.45577413952,37.5898074200669,2.42850184406507e-12,0.349941676387269
1,1.11084131657647,10.123591385809,22.2488908408017,3.11853709417147,0.977491499912742,0,1.25092312802738,0.266700690906331,2.25267286974336,1.965,0,6,NaN,25,10000,-20,BasePI,0.025,0.05,7172.2140899669,717.22140899669,3.7244793,100,203.251854886862,26.113108584684,0,0
1,6.85351301841123,12.9292828822527,492.270749616748,3.53825945848305,0.964968613405393,0,1.51831350826552,0.262671689534382,4.25146932279247,Inf,0,6,NaN,25,10000,-20,InvGPR_PI_GPRFF,2,30,7172.2140899669,717.22140899669,21.8387731,100,203.251854886862,26.113108584684,2.59559040927115e-12,0
1,2.00263808874618,17.5160914435364,42.1954666258582,21.6272203802022,1.59650740183906,0,1.73040817393749,0.467216792697707,3.91928296920669,2.37,0,6,NaN,26,0,30,BasePI,0.025,0.05,12977.0232518362,1297.70232518362,3.6410308,0,318.150000142384,99.2988461167942,0,0
1,1.37615820522354,11.1739590086727,41.5824965343096,21.0693395970731,1.62580934360983,0,3.20404667334457,0.504386388854903,8.24232684187732,3.94500000000001,0,6,NaN,26,0,30,InvGPR_PI_GPRFF,2,30,12977.0232518362,1297.70232518362,25.0285001,0,318.150000142384,99.2988461167942,5.18052267750591e-12,100
1,1.93503342792537,16.8484750101125,40.5360909905386,17.7117097471383,1.56182986840216,0,1.65025805637811,0.450936724865858,3.72820886844802,2.325,0,6,NaN,27,2500,30,BasePI,0.025,0.05,11986.0249152109,1198.60249152109,3.5401681,0,301.907846138181,73.4491842176651,0,0
1,1.45547944569548,10.4877627297719,50.6439921298259,17.3246318303471,1.58299461491264,0,2.95475907418365,0.484493818998272,7.90638754805529,Inf,0,6,NaN,27,2500,30,InvGPR_PI_GPRFF,2,30,11986.0249152109,1198.60249152109,24.7460377,0,301.907846138181,73.4491842176651,2.28106422639485e-12,0.399933344442593
1,1.74711624639171,15.1534214473668,36.5793925705073,14.4309180214029,1.4361864645317,0,1.48781465461012,0.407507755341986,3.30524249119346,2.265,0,6,NaN,28,5000,30,BasePI,0.025,0.05,10582.7375987667,1058.27375987667,3.8536328,0,285.676811982466,53.1431818867567,0,0
1,1.38496767653604,9.42645865425584,50.9610960573341,14.1801074622217,1.44910565607349,0,2.52864206875213,0.432192695620536,6.95149857677499,Inf,0,6,NaN,28,5000,30,InvGPR_PI_GPRFF,2,30,10582.7375987667,1058.27375987667,19.8666559,0,285.676811982466,53.1431818867567,1.95221616650088e-12,0.299950008331945
1,1.55040142559823,13.3361230892369,32.2827332580366,9.53295467234899,1.29118338631188,0,1.33449609747289,0.362176021462968,2.86361679629468,2.175,0,6,NaN,29,7500,30,BasePI,0.025,0.05,9087.042105387,908.7042105387,3.7991064,0,269.447541514121,37.5856351443804,0,0
1,1.40706937555596,8.18534666410778,61.7076119366353,9.45984735035738,1.29554975030728,0,2.22811663298243,0.382309943228341,6.21741111972168,Inf,0,6,NaN,29,7500,30,InvGPR_PI_GPRFF,2,30,9087.042105387,908.7042105387,25.3649408,0,269.447541514121,37.5856351443804,2.57760479627223e-12,0.0999833361106482
1,1.24324260286029,10.7353502190344,25.5239460796004,5.37437472425956,1.04823038037146,0,1.14119375769491,0.293225429588767,2.29127518088427,2.02500000000001,0,6,NaN,30,10000,30,BasePI,0.025,0.05,7182.52975384756,718.252975384756,3.828748,0,253.251851580556,26.113108584684,0,0
1,1.63950801574455,6.58167185731145,105.869465997103,5.50719223934345,1.04434631818686,0,1.73119051100112,0.301316652626263,4.90874414128066,Inf,0,6,NaN,30,10000,30,InvGPR_PI_GPRFF,2,30,7182.52975384756,718.252975384756,25.9151643,0,253.251851580556,26.113108584684,2.85493850782359e-12,0
1,4.53222378364973,38.6531841233336,95.3510726144737,6.67751071417229,3.85283241847448,0,3.70344675845108,1.05248857238001,8.34674400802333,2.7,0,6,NaN,31,0,-30,BasePI,0.025,0.05,26752.1519330825,2675.21519330825,4.2190369,0,258.138851493305,99.2831979223505,0,0
1,3.58402503021484,24.4239040926368,133.659234565009,6.58397919927478,3.86563821196756,0,6.79836617948059,1.1555239827175,19.6342294034357,Inf,0,6,NaN,31,0,-30,InvGPR_PI_GPRFF,2,30,26752.1519330825,2675.21519330825,16.814015,0,258.138851493305,99.2831979223505,3.05266922850933e-12,0.649891684719213
1,3.58297033046426,30.7794915256309,74.7845943447786,3.21244157929224,3.08732335826468,0,3.074976188022,0.836920303364209,6.64935455308671,2.565,0,6,NaN,32,2500,-30,BasePI,0.025,0.05,21204.6823511638,2120.46823511638,3.2514669,0,241.907841876377,73.4491842176651,0,0
1,3.16851223691206,19.3011629721877,133.057439470818,3.17107814204184,3.09222063534732,0,5.25687688315203,0.896183747150413,14.9500456044912,Inf,0,6,NaN,32,2500,-30,InvGPR_PI_GPRFF,2,30,21204.6823511638,2120.46823511638,23.2341887,0,241.907841876377,73.4491842176651,3.91864318771695e-12,0.649891684719213
1,2.57662332154576,22.8747471700372,51.9368474592625,2.03315391636143,2.22017760663962,0,2.63747117993134,0.614087743878248,4.9337501471961,2.325,0,6,NaN,33,5000,-30,BasePI,0.025,0.05,15399.0435768842,1539.90435768842,3.104052,100,225.676732465073,53.1431818867567,0,0
1,40.8954701955313,113.266075696043,2586.77355162669,2.38659987343727,2.19655650485904,0,3.29166671518578,0.601329411754671,9.44565203205737,Inf,Inf,5,NaN,33,5000,-30,InvGPR_PI_GPRFF,2,30,15399.0435768842,1539.90435768842,22.7988218,100,225.676732465073,53.1431818867567,2.78643774720422e-12,0.549908348608565
1,1.64880554094792,14.8833160628074,32.9536797974198,2.82779998958088,1.45125447896037,0,1.8091087811501,0.396953871500067,3.29923036858948,2.13,0,6,NaN,34,7500,-30,BasePI,0.025,0.05,10484.2518434181,1048.42518434181,2.446848,100,209.455993547724,37.5898074200669,0,0
1,22.2010332917706,55.3066475554842,1456.21328140775,3.20252975975672,1.43477703318569,0,2.25233738958858,0.389910036434762,6.28294379043455,Inf,0,6,NaN,34,7500,-30,InvGPR_PI_GPRFF,2,30,10484.2518434181,1048.42518434181,15.9296536,100,209.455993547724,37.5898074200669,2.16804352248801e-12,0.349941676387269
1,1.05198642828149,9.74961609717684,21.053242103345,3.44327270995045,0.930827449165334,0,1.25100901202237,0.253975368079739,2.18541583128124,1.95,0,6,NaN,35,10000,-30,BasePI,0.025,0.05,6989.57472741701,698.957472741701,3.3983788,100,193.2465662109,26.1105966232426,0,0
1,4.95894859898137,9.54175904431031,360.359078648321,4.00488236132769,0.914330599080518,0,1.38489714604749,0.246765426148268,3.97468446975643,Inf,0,6,NaN,35,10000,-30,InvGPR_PI_GPRFF,2,30,6989.57472741701,698.957472741701,21.12935,100,193.2465662109,26.1105966232426,3.57958107599643e-12,0
1,2.5314669986778,21.5941997470763,53.4980821078904,9.01331445487584,2.13150789808411,0,2.03043073774102,0.586439185712627,4.67351800277499,2.46000000000001,0,6,NaN,36,4000,5,BasePI,0.025,0.05,15030.1235607484,1503.01235607484,3.0249778,0,267.161443505974,60.6481711487698,0,0
1,1.81870282367057,13.3953145642463,61.262915903851,8.72896394510109,2.15365152287719,0,3.81686954237581,0.640261653570169,10.5664654874829,Inf,0,6,NaN,36,4000,5,InvGPR_PI,2,30,15030.1235607484,1503.01235607484,30.0584483,0,267.161443505974,60.6481711487698,3.31934479902429e-12,0.499916680553241
1,1.81870282366845,13.3953145642463,61.262915904311,8.72896394510115,2.15365152287719,0,3.81686954246018,0.640261653568616,10.5664654874435,Inf,0,6,NaN,36,4000,5,InvGPR_PI_GPRFF,2,30,15030.1235607484,1503.01235607484,250.5683861,0,267.161443505974,60.6481711487698,3.37507799486048e-12,0.499916680553241
