environment,method_id,method,accepted,altitude_m,isa_delta_C,Kp,Ki,Kd,accelTau,accelWeight,rmse_rpm,peak_rpm,ringing_excess_TV_lbm_s,recovery_1pct_speed_s,settling_to_point1_rpm_s,minimum_margin_percent,max_fuel_slew_lbm_s2,fuel_peak_lbm_s,iae_rpm_s,fuel_limit_percent,compressor_Nc_outside_percent,gp_outside_percent,fallback_percent
1,1,Base PI,1,0,0,0.025,0.05,NaN,NaN,NaN,3.08010530625156,26.3619527785122,2.37096658551096,0,2.625,15.2382740244319,5.83566026005874,2.56044779311017,65.8635110342151,0,0,0,NaN
1,2,Previous inverse PI,1,0,0,2,30,NaN,NaN,NaN,1.94168590997665,16.5183846979744,4.80270721488147,0,3.735,14.648411045334,12.6130084109648,2.612678000342,54.4735747608173,0,0,0.599900016663889,NaN
1,3,R1 retuned inverse PI,1,0,0,1.5,22,0,0.03,1,2.58370791601563,18.6883934663492,2.24120483388006,0,4.005,15.8490900312696,9.6594849866172,2.52430378325746,74.3693397823377,0,0,0.699883352774538,0
1,4,R2 split feedback,1,0,0,16,40,0,0.03,0.05,2.10429290935082,18.614935903177,1.90767908226121,0,1.74000000000001,16.0285047228276,9.62261442491797,2.51160177591464,40.5597481716313,0,0,0.699883352774538,0
1,5,R3 normalized feedback,1,0,0,0.025,0.1,0.002,0.03,1,2.13483385068363,17.5748773870182,1.80986638563525,0,1.41,16.7305189202175,10.1874808946387,2.46309093859562,36.8635734945111,0,0,0.699883352774538,0
2,1,Base PI,1,2500,0,0.025,0.05,NaN,NaN,NaN,2.88311591514803,24.5784538477237,2.24620501552893,0,2.535,10.4514539211097,5.34196388653519,2.42103120197329,61.2809182182532,0,0,0,NaN
2,2,Previous inverse PI,1,2500,0,2,30,NaN,NaN,NaN,1.95247064392468,15.1867487283016,4.3593117742457,0,4.53,10.0275986787219,11.843321141147,2.45638704348313,61.1711471050423,0,0,0.599900016663889,NaN
2,3,R1 retuned inverse PI,1,2500,0,1.5,22,0,0.03,1,2.60949776119511,17.3302287156566,2.04328691118479,0,4.845,11.1289266358452,9.07921695158902,2.3791066834277,83.4710117707266,0,0,0.699883352774538,0
2,4,R2 split feedback,1,2500,0,16,40,0,0.03,0.05,2.33176957043441,18.1409282979857,1.06931347426181,0,1.65000000000001,11.8110232751106,7.91308195732861,2.33247140943606,45.755435466701,0,0,0.799866688885186,0
2,5,R3 normalized feedback,1,2500,0,0.025,0.1,0.002,0.03,1,1.99523822095263,16.2686411595878,1.62624167782301,0,1.395,11.8338365484074,9.38539132374269,2.33265553720107,34.530795945139,0,0,0.699883352774538,0
3,1,Base PI,1,5000,0,0.025,0.05,NaN,NaN,NaN,2.4853048867685,21.3566132514043,2.18875575655244,0,2.37,5.97568711731296,4.57755634323297,2.10084603434189,51.4922630832394,0,0,0,NaN
3,2,Previous inverse PI,1,5000,0,2,30,NaN,NaN,NaN,2.5726362425551,13.2670968819893,3.59103464803766,0,Inf,6.05055582639738,10.334908695584,2.09698102836812,129.513904249567,0,0,0.449925012497917,NaN
3,3,R1 retuned inverse PI,1,5000,0,1.5,22,0,0.03,1,3.48420181226136,15.3364640867658,1.68065998746408,0,Inf,7.12341003664752,7.93348968144187,2.03131783254921,176.807594388502,0,0,0.599900016663889,0
3,4,R2 split feedback,1,5000,0,16,40,0,0.03,0.05,5.00582866804628,26.7676868322651,0.716883576882543,0,3.495,7.54498650837577,4.58374891911313,2.00631487836455,123.122884881078,0,0,1.14980836527245,0
3,5,R3 normalized feedback,1,5000,0,0.025,0.1,0.002,0.03,1,1.71198216643729,14.2250602069926,1.52504689945989,0,1.35000000000001,7.42596230461909,8.24636846767436,2.01346472816068,29.6425804049619,0,0,0.549908348608565,0
4,1,Base PI,1,7500,0,0.025,0.05,NaN,NaN,NaN,1.87368550959035,16.1994541873719,1.70451665946523,0,2.235,2.51949033856226,3.47820874295297,1.60731725960965,38.6193488147785,0,0,0,NaN
4,2,Previous inverse PI,1,7500,0,2,30,NaN,NaN,NaN,2.11283175038562,10.0247950937355,2.64936058124148,0,Inf,2.5991132457511,7.4997253561063,1.60374251847043,115.647823153531,0,0,0.399933344442593,NaN
4,3,R1 retuned inverse PI,1,7500,0,1.5,22,0,0.03,1,2.86378650903462,11.5406504073235,1.23950209157956,0,Inf,3.61342338366443,5.75111846934397,1.55488209028422,157.757435574509,0,0,0.499916680553241,0
4,4,R2 split feedback,1,7500,0,16,40,0,0.03,0.05,4.65143867449875,23.5524806273752,0.627993545720977,0,3.855,3.93803192043165,3.15862249838254,1.53955284576665,124.413361381789,0,0,1.04982502916181,0
4,5,R3 normalized feedback,1,7500,0,0.025,0.1,0.002,0.03,1,1.28873031658685,10.6655907861532,1.17338924860966,0,1.32000000000001,3.91616770985472,6.1393433282853,1.54071727268186,22.2750445988466,0,0,0.449925012497917,0
5,1,Base PI,1,10000,0,0.025,0.05,NaN,NaN,NaN,1.24671492248772,11.1013775950396,1.28116276011255,0,2.01000000000001,2.17391608118599,2.40682363516365,1.07760767419824,25.1405239232115,0,100,0,NaN
5,2,Previous inverse PI,1,10000,0,2,30,NaN,NaN,NaN,6.25579642827395,12.0814549526294,1.62991421976402,0,Inf,2.53975187974593,4.67794905430835,1.06556914722033,450.155167098864,0,100,0,NaN
5,3,R1 retuned inverse PI,1,10000,0,1.5,22,0,0.03,1,8.68441767798379,16.7615440683567,0.760548836290989,0,Inf,3.52475503258032,3.58080818087678,1.03386643040769,624.138504130802,0,100,0.0499916680553241,0
5,4,R2 split feedback,0,10000,0,16,40,0,0.03,0.05,NaN,NaN,NaN,NaN,NaN,NaN,NaN,NaN,NaN,NaN,13.2144642559573,88.7852024662556,0
5,5,R3 normalized feedback,1,10000,0,0.025,0.1,0.002,0.03,1,0.850830792141415,7.17153549312934,0.893225561141904,0,1.26000000000001,3.54397574120034,4.08404841701605,1.03320601714021,14.6112720446243,0,100,0,100
6,1,Base PI,1,0,-10,0.025,0.05,NaN,NaN,NaN,3.52902427281155,29.9748230591213,2.55390917891044,0,2.7,12.4921994078824,6.59737296900487,2.9716145585136,76.20582694909,0,0,0,NaN
6,2,Previous inverse PI,1,0,-10,2,30,NaN,NaN,NaN,2.09069410623723,18.6751610986175,5.59825815090375,0,3.45,11.6642298959152,14.4211357347798,3.05227157877812,55.3616432182371,0,0,0.599900016663889,NaN
6,3,R1 retuned inverse PI,1,0,-10,1.5,22,0,0.03,1,2.77310414427953,21.1467276172534,2.60138648371907,0,3.675,12.8964927890486,11.0478064795585,2.94780645297805,75.5559147611008,0,0,0.699883352774538,0
6,4,R2 split feedback,1,0,-10,16,40,0,0.03,0.05,2.15895017650972,20.4623604252811,2.79563481086357,0,1.785,12.6619628991614,11.7215315853039,2.9662207116267,41.233113934375,0,0,0.699883352774538,0
6,5,R3 normalized feedback,1,0,-10,0.025,0.1,0.002,0.03,1,2.44969450576075,20.0542633106797,1.91649418362857,0,1.44,13.8418055994787,11.3880841520792,2.86942748658436,42.3808604440837,0,0,0.699883352774538,0
7,1,Base PI,1,2500,-10,0.025,0.05,NaN,NaN,NaN,3.22304014935786,27.2734590102446,2.46126715450189,0,2.595,7.6169668608561,5.93370068968092,2.74627100120303,68.7774636547848,0,0,0,NaN
7,2,Previous inverse PI,1,2500,-10,2,30,NaN,NaN,NaN,2.14914608600029,17.1023010885274,5.09850813826018,0,4.63500000000001,7.24479303333573,14.1638799400407,2.78414040765216,66.9812786260607,0,0,0.599900016663889,NaN
7,3,R1 retuned inverse PI,1,2500,-10,1.5,22,0,0.03,1,2.875298145516,19.6127697208613,2.40504884584688,0,4.935,8.29959129633327,10.8810574878486,2.6964868935279,91.5942225111989,0,0,0.749875020829862,0
7,4,R2 split feedback,1,2500,-10,16,40,0,0.03,0.05,2.55246437810476,20.1854138198214,1.25535050814482,0,1.68000000000001,8.68785479164314,9.18684520232211,2.66632163988952,50.0721470456736,0,0,0.799866688885186,0
7,5,R3 normalized feedback,1,2500,-10,0.025,0.1,0.002,0.03,1,2.24550790217064,18.4745051332629,1.81738584149435,0,1.41,8.86189737778639,10.7385995789588,2.653470975524,38.8913585975582,0,0,0.699883352774538,0
8,1,Base PI,1,5000,-10,0.025,0.05,NaN,NaN,NaN,2.57598408854443,22.1924184286436,2.28281005874944,0,2.38500000000001,3.92995191313311,4.7702939668253,2.20164843422476,53.3758151934776,0,0,0,NaN
8,2,Previous inverse PI,1,5000,-10,2,30,NaN,NaN,NaN,2.62121326239017,13.8133275644068,3.72689486758352,0,Inf,3.98004041873391,10.6532196618774,2.19889705996884,128.959150556524,0,0,0.549908348608565,NaN
8,3,R1 retuned inverse PI,1,5000,-10,1.5,22,0,0.03,1,3.54813537201945,15.9383811503176,1.74288306998917,0,Inf,5.02054598064199,8.17748978401527,2.13101043623382,176.032257294811,0,0,0.649891684719213,0
8,4,R2 split feedback,1,5000,-10,16,40,0,0.03,0.05,4.94465746148469,26.5511050141686,0.712091565074769,0,3.36,5.49451792488661,4.79872521948712,2.10083308450849,118.959168847513,0,0,1.19980003332778,0
8,5,R3 normalized feedback,1,5000,-10,0.025,0.1,0.002,0.03,1,1.77220265456499,14.7470306289961,1.59739153319606,0,1.36499999999999,5.27807173484278,8.53653005001567,2.11464640700516,30.6273295666146,0,0,0.649891684719213,0
9,1,Base PI,1,7500,-10,0.025,0.05,NaN,NaN,NaN,1.86041726053189,16.4171950052551,1.86861348725269,0,2.19,1.86001403520606,3.52182588631954,1.59796010103828,37.6011857278469,0,100,0,NaN
9,2,Previous inverse PI,1,7500,-10,2,30,NaN,NaN,NaN,31.1000187221633,78.3121389362768,2.41697545723133,0,Inf,2.21845409991258,7.01891752969002,1.5807298219919,2030.32411654464,0,100,0.399933344442593,NaN
9,3,R1 retuned inverse PI,1,7500,-10,1.5,22,0,0.03,1,41.109875265556,107.094235090906,1.11927605567522,Inf,Inf,3.20774588530435,5.38919764702457,1.53359876501614,2676.80186289557,0,100,0.499916680553241,0
9,4,R2 split feedback,1,7500,-10,16,40,0,0.03,0.05,136.861806315379,181.461912037288,0.650756619908989,Inf,Inf,3.00992472335396,2.78190408656664,1.54122508337163,11563.6714260466,0,17.013831028162,2.68288618563573,0
9,5,R3 normalized feedback,1,7500,-10,0.025,0.1,0.002,0.03,1,1.27200885254204,10.6066621619193,1.2684847091025,0,1.30500000000001,3.27079245280089,5.97200838269809,1.53024560407374,21.9141964871551,0,100,0.449925012497917,100
10,1,Base PI,1,10000,-10,0.025,0.05,NaN,NaN,NaN,1.17324980385403,10.5584251868768,1.26005128638325,0,1.98,2.65666874153932,2.3337166647917,1.02681532287807,23.520479833416,0,100,0,NaN
10,2,Previous inverse PI,1,10000,-10,2,30,NaN,NaN,NaN,7.10625824775962,13.4464537827498,1.58457284185846,0,Inf,3.00928521969502,4.4741368279412,1.0157657972887,507.225929362428,0,100,0,NaN
10,3,R1 retuned inverse PI,1,10000,-10,1.5,22,0,0.03,1,9.70905031310736,18.3743877141951,0.745734527772486,0,Inf,4.0202185402371,3.42715724398042,0.984729091605542,692.799475784754,0,100,0,0
10,4,R2 split feedback,0,10000,-10,16,40,0,0.03,0.05,NaN,NaN,NaN,NaN,NaN,NaN,NaN,NaN,NaN,NaN,100,16.3975155279503,0
10,5,R3 normalized feedback,1,10000,-10,0.025,0.1,0.002,0.03,1,0.797899619799219,6.86094015303024,0.922291156330763,0,1.26000000000001,3.92825885876588,3.97464316881622,0.987458048368594,13.6325306959672,0,100,0,100
11,1,Base PI,1,0,10,0.025,0.05,NaN,NaN,NaN,2.71986360600175,23.5356567196905,2.16970072970909,0,2.52,17.0783411361901,5.22383827235979,2.22276919978216,57.7698104753039,0,0,0,NaN
11,2,Previous inverse PI,1,0,10,2,30,NaN,NaN,NaN,1.790478955793,14.6460477096916,4.29640035918912,0,4.08,16.4951069496038,11.280000785516,2.2674784512425,53.3235867615823,0,0,0.599900016663889,NaN
11,3,R1 retuned inverse PI,1,0,10,1.5,22,0,0.03,1,2.38722634900164,16.5814885889431,2.00509732620492,0,4.36499999999999,17.7530377845156,8.6395285904707,2.18811232897743,72.7748656077014,0,0,0.699883352774538,0
11,4,R2 split feedback,1,0,10,16,40,0,0.03,0.05,2.04474597316709,17.1380518832666,1.32272502988041,0,1.66500000000001,18.1975556136605,8.00201568411203,2.15978572719601,39.7670477418658,0,0,0.699883352774538,0
11,5,R3 normalized feedback,1,0,10,0.025,0.1,0.002,0.03,1,1.87956490182577,15.6236415542517,1.64414657477128,0,1.395,18.5210718140129,9.07434143988028,2.14154723215964,32.4043988923859,0,0,0.699883352774538,0
12,1,Base PI,1,2500,10,0.025,0.05,NaN,NaN,NaN,2.51663601664706,21.6263418082963,1.99785159041078,0,2.47499999999999,13.4390631470848,4.73341331076567,2.0918889672389,53.4226224504186,0,0,0,NaN
12,2,Previous inverse PI,1,2500,10,2,30,NaN,NaN,NaN,1.72688821438945,13.4604986472859,3.78138655832963,0,4.41,12.9341380653349,10.11887244492,2.12722704367043,54.1965386278944,0,0,0.499916680553241,NaN
12,3,R1 retuned inverse PI,1,2500,10,1.5,22,0,0.03,1,2.30775201411272,15.2992137029287,1.76394057256568,0,4.72500000000001,14.1306923831639,7.74963565608046,2.05599014904478,73.9416551420651,0,0,0.649891684719213,0
12,4,R2 split feedback,1,2500,10,16,40,0,0.03,0.05,2.06445048417771,16.1386672021454,0.927626680906764,0,1.605,14.870184362012,6.82716636900794,2.01180942657289,40.5203313045299,0,0,0.699883352774538,0
12,5,R3 normalized feedback,1,2500,10,0.025,0.1,0.002,0.03,1,1.7398297609316,14.2978998097915,1.463246144412,0,1.38,14.8410324351514,8.18128743663594,2.01568142869093,30.0612629299596,0,0,0.599900016663889,0
13,1,Base PI,1,5000,10,0.025,0.05,NaN,NaN,NaN,2.26566804036647,19.3502268832181,1.85433883767564,0,2.38500000000001,8.5512148381876,4.17753329320768,1.90685224870358,47.6870688375382,0,0,0,NaN
13,2,Previous inverse PI,1,5000,10,2,30,NaN,NaN,NaN,1.74875865609002,11.9820095603664,3.38939047856495,0,Inf,8.33724338178387,9.41719171616563,1.92211427458288,64.2606578568543,0,0,0.399933344442593,NaN
13,3,R1 retuned inverse PI,1,5000,10,1.5,22,0,0.03,1,2.35011101017942,13.7385594687257,1.59524870461107,0,Inf,9.4177638357531,7.22472469484009,1.86170078258095,87.6948645538042,0,0,0.549908348608565,0
13,4,R2 split feedback,1,5000,10,16,40,0,0.03,0.05,2.42142483753266,15.881198927611,0.440647045384869,0,1.34999999999999,10.4121356754453,5.37225678680372,1.81136077128279,48.706410399476,0,0,0.699883352774538,0
13,5,R3 normalized feedback,1,5000,10,0.025,0.1,0.002,0.03,1,1.56492790096525,12.8634411776675,1.31815855919439,0,1.36499999999999,9.96063918009895,7.44366113431031,1.83337151545325,27.0876457042329,0,0,0.499916680553241,0
14,1,Base PI,1,7500,10,0.025,0.05,NaN,NaN,NaN,1.80697328313958,15.5904701607142,1.63450168812155,0,2.205,4.65846754553949,3.3382213469916,1.53341731752654,37.2475241467406,0,0,0,NaN
14,2,Previous inverse PI,1,7500,10,2,30,NaN,NaN,NaN,2.11401653082756,9.62791449955694,2.56136935551488,0,Inf,4.76478583089019,7.30721289681181,1.52903008319367,120.874605814314,0,0,0.349941676387269,NaN
14,3,R1 retuned inverse PI,1,7500,10,1.5,22,0,0.03,1,2.86619311419185,11.0945850183398,1.19973092055886,0,Inf,5.81356041374114,5.60659236336905,1.48184697119243,164.857164466042,0,0,0.449925012497917,0
14,4,R2 split feedback,1,7500,10,16,40,0,0.03,0.05,4.93252913678523,23.977513124084,0.610851430686491,0,4.845,6.08973802247169,2.98108529950307,1.46951589347767,138.201493792931,0,0,0.999833361106482,0
14,5,R3 normalized feedback,1,7500,10,0.025,0.1,0.002,0.03,1,1.24186955585405,10.2718700834339,1.12127921076031,0,1.32000000000001,6.07238645960169,5.91122745461132,1.47053836993129,21.4882858392409,0,0,0.349941676387269,0
15,1,Base PI,1,10000,10,0.025,0.05,NaN,NaN,NaN,1.31993162253781,11.5610137595795,1.30109938145904,0,2.04000000000001,1.67452427551638,2.46975938979777,1.12983785653279,26.748501165995,0,100,0,NaN
15,2,Previous inverse PI,1,10000,10,2,30,NaN,NaN,NaN,21.6873398875559,44.6897708699216,1.74286762414552,0,Inf,2.01450128163417,5.04957288042944,1.11828426493685,1461.99116108226,0,100,0,NaN
15,3,R1 retuned inverse PI,1,10000,10,1.5,22,0,0.03,1,25.0966941765077,46.8936556871595,0.811510995350459,0,Inf,3.00424605747369,3.87632539109212,1.08491363176268,1749.79488233313,0,100,0.0499916680553241,0
15,4,R2 split feedback,0,10000,10,16,40,0,0.03,0.05,NaN,NaN,NaN,NaN,NaN,NaN,NaN,NaN,NaN,NaN,89.4214876033058,15.1239669421488,0
15,5,R3 normalized feedback,1,10000,10,0.025,0.1,0.002,0.03,1,0.903806150626856,7.47757713076862,0.872567933397972,0,1.27500000000001,3.10083944668372,4.1868536097685,1.08148664809476,15.6018153223451,0,100,0,100
16,1,Base PI,1,0,20,0.025,0.05,NaN,NaN,NaN,2.35439289036423,20.4713888468596,1.93369704473092,0,2.44500000000001,19.0978280554085,4.56819386926091,1.90039373921075,49.7702884921067,0,0,0,NaN
16,2,Previous inverse PI,1,0,20,2,30,NaN,NaN,NaN,1.58024674404487,12.8005205433074,3.76899076758629,0,4.095,18.4573043701845,9.7794755378422,1.94072075166002,47.9376662170993,0,0,0.449925012497917,NaN
16,3,R1 retuned inverse PI,1,0,20,1.5,22,0,0.03,1,2.10713482547531,14.4848282529838,1.75755577556292,0,4.395,19.7792620272581,7.50773754459265,1.86858356052732,65.4024671888765,0,0,0.599900016663889,0
16,4,R2 split feedback,1,0,20,16,40,0,0.03,0.05,1.8399389154235,15.1116749741377,1.0714959176911,0,1.62,20.3797859746069,6.81957618364694,1.83745166397274,35.8455609168119,0,0,0.649891684719213,0
16,5,R3 normalized feedback,1,0,20,0.025,0.1,0.002,0.03,1,1.62372241345905,13.6094342908473,1.50000913497918,0,1.38,20.494735427452,7.94058019997076,1.83268230541124,27.9441887666692,0,0,0.549908348608565,0
17,1,Base PI,1,2500,20,0.025,0.05,NaN,NaN,NaN,2.20955589628807,19.159559261816,1.85428076071222,0,2.38500000000001,15.861080623944,4.21419382658255,1.80881012728322,46.4428074151541,0,0,0,NaN
17,2,Previous inverse PI,1,2500,20,2,30,NaN,NaN,NaN,1.65091130419694,11.9541542947081,3.28188646544019,0,Inf,15.5444520145791,8.91960879585776,1.83005660053759,56.6908671452606,0,0,0.399933344442593,NaN
17,3,R1 retuned inverse PI,1,2500,20,1.5,22,0,0.03,1,2.21340727135817,13.5760324162165,1.53832753152572,0,Inf,16.7408767851165,6.82981397168184,1.76902804638056,77.3520885929035,0,0,0.549908348608565,0
17,4,R2 split feedback,1,2500,20,16,40,0,0.03,0.05,2.14679237363989,15.111661116609,0.549157772582668,0,1.455,17.9616136866993,5.48571000140229,1.71355497446375,42.5235274625075,0,0,0.649891684719213,0
17,5,R3 normalized feedback,1,2500,20,0.025,0.1,0.002,0.03,1,1.52408032951942,12.6369915794276,1.36734438398563,0,1.36499999999999,17.3507246934712,7.3087211989726,1.74003709118956,26.291101703712,0,0,0.499916680553241,0
18,1,Base PI,1,5000,20,0.025,0.05,NaN,NaN,NaN,2.00832240816931,17.2684504006083,1.65625211480013,0,2.34,11.5569879146513,3.73519441284074,1.66941551368692,42.2220237082167,0,0,0,NaN
18,2,Previous inverse PI,1,5000,20,2,30,NaN,NaN,NaN,1.55211974043538,10.614908551619,2.92136525725242,0,Inf,11.3014195154398,8.06747858154603,1.68435637882379,56.3945856003361,0,0,0.399933344442593,NaN
18,3,R1 retuned inverse PI,1,5000,20,1.5,22,0,0.03,1,2.08440460755449,12.1324431992416,1.36851166652329,0,Inf,12.4322291665893,6.18189938292934,1.63128460910695,76.9341131123123,0,0,0.499916680553241,0
18,4,R2 split feedback,1,5000,20,16,40,0,0.03,0.05,2.13187535895816,13.948136426643,0.399135763514937,0,1.34999999999999,13.4831697315778,4.6923357963837,1.58494110480515,42.7475495832644,0,0,0.649891684719213,0
18,5,R3 normalized feedback,1,5000,20,0.025,0.1,0.002,0.03,1,1.38666272880778,11.2937987554342,1.17756909107158,0,1.35000000000001,13.0018087846205,6.51717339912562,1.60559923760554,23.9879842205857,0,0,0.499916680553241,0
19,1,Base PI,1,7500,20,0.025,0.05,NaN,NaN,NaN,1.74214617804075,15.0002795543114,1.55704607374439,0,2.19,6.6901482463037,3.20308191202008,1.4621495723507,35.929156225512,0,0,0,NaN
19,2,Previous inverse PI,1,7500,20,2,30,NaN,NaN,NaN,1.85578723862633,9.19194339158639,2.52623218575259,0,Inf,6.68447229143747,7.05391126288366,1.46280591089347,98.0214563496684,0,0,0.299950008331945,NaN
19,3,R1 retuned inverse PI,1,7500,20,1.5,22,0,0.03,1,2.51292026289448,10.5805858992389,1.18692577031019,0,Inf,7.75653754548601,5.41227837145694,1.41744750814205,133.728963753263,0,0,0.449925012497917,0
19,4,R2 split feedback,1,7500,20,16,40,0,0.03,0.05,3.93855030908604,21.3935154643059,0.565755195280248,0,3.61499999999999,8.3533465023928,3.00481106538017,1.39294375462048,101.259535467821,0,0,0.84985835694051,0
19,5,R3 normalized feedback,1,7500,20,0.025,0.1,0.002,0.03,1,1.2017052911772,9.80979712000953,1.07807031875672,0,1.32000000000001,7.89207952265104,5.55045688073134,1.41191219121474,20.8111813842801,0,0,0.349941676387269,0
20,1,Base PI,1,10000,20,0.025,0.05,NaN,NaN,NaN,1.28902275746114,11.1586720150444,1.19185550709973,0,2.05500000000001,3.28552346284238,2.38804070138194,1.09868472524937,26.4576789362009,0,0,0,NaN
20,2,Previous inverse PI,1,10000,20,2,30,NaN,NaN,NaN,1.69901524245228,6.87341693473536,1.79097347695141,0,Inf,3.42776511251784,5.09281800122234,1.09413161150896,108.72497114029,0,0,0,NaN
20,3,R1 retuned inverse PI,1,10000,20,1.5,22,0,0.03,1,2.3062605969904,7.91455856762695,0.83841221853739,0,Inf,4.45419988524188,3.90489155280281,1.06073261265514,148.218636040698,0,0,0.0499916680553241,0
20,4,R2 split feedback,1,10000,20,16,40,0,0.03,0.05,4.97750614905988,22.0416645816513,0.39448402338455,0,Inf,4.50723571502459,1.93725902050777,1.05890711692106,162.606228780883,0,0,0.599900016663889,0
20,5,R3 normalized feedback,1,10000,20,0.025,0.1,0.002,0.03,1,0.885664555775437,7.30622986013259,0.812255113261714,0,1.29000000000001,4.71758068366082,4.19035383175377,1.05237450561556,15.3207945188877,0,0,0,0
21,1,Base PI,1,0,-20,0.025,0.05,NaN,NaN,NaN,4.0069382074218,33.7859373987449,2.86629041663119,0,2.76000000000001,9.49753779512113,7.4080984695188,3.41222310560216,86.5909171309434,0,0,0,NaN
21,2,Previous inverse PI,1,0,-20,2,30,NaN,NaN,NaN,2.38192771300916,21.0938352401845,6.38035781920104,0,3.645,8.87731064748964,17.0732632369237,3.48753041852013,63.863173194902,0,0,0.599900016663889,NaN
21,3,R1 retuned inverse PI,1,0,-20,1.5,22,0,0.03,1,3.16271896882828,24.0269204779306,3.00587878783652,0,3.87,9.93550295049406,13.0976213494447,3.37780267726359,87.1977283560489,0,0,0.749875020829862,0
21,4,R2 split feedback,1,0,-20,16,40,0,0.03,0.05,2.47818742824242,23.0910160055319,3.01274110826723,0,1.83,9.69627110073087,13.327584688368,3.40296388330953,47.4764978098376,0,0,0.699883352774538,0
21,5,R3 normalized feedback,1,0,-20,0.025,0.1,0.002,0.03,1,2.78307351799053,22.7771601108288,2.16327294155538,0,1.44,10.7863334266077,13.1773858682322,3.29687907326081,48.1852170813554,0,0,0.799866688885186,0
22,1,Base PI,1,2500,-20,0.025,0.05,NaN,NaN,NaN,3.45723840230433,29.6393639438538,2.95556956664063,0,2.55,5.30833474361358,6.38393175277372,2.94599684875957,72.1405120678929,0,0,0,NaN
22,2,Previous inverse PI,1,2500,-20,2,30,NaN,NaN,NaN,3.06036973960962,18.6496802639922,5.15008214720406,0,Inf,5.35254172251075,15.0155435311751,2.94350892434184,128.735231156394,0,0,0.649891684719213,NaN
22,3,R1 retuned inverse PI,1,2500,-20,1.5,22,0,0.03,1,4.13904832749225,21.7285858964242,2.41446482397983,0,Inf,6.38316075884184,11.5375017751208,2.85421654620371,176.161197381423,0,0,0.749875020829862,0
22,4,R2 split feedback,1,2500,-20,16,40,0,0.03,0.05,4.81641849710813,28.5519241968123,0.746722795658455,0,2.22,6.98641799451227,7.53633481067627,2.80425934673264,103.182742689814,0,0,1.14980836527245,0
22,5,R3 normalized feedback,1,2500,-20,0.025,0.1,0.002,0.03,1,2.3898410587401,20.0533807146403,2.11697189867269,0,1.395,6.69657845558848,11.7513430390369,2.82809611544326,41.3207128682616,0,0,0.749875020829862,0
23,1,Base PI,1,5000,-20,0.025,0.05,NaN,NaN,NaN,2.70518409485469,23.7815692199038,2.55274840187604,0,2.355,1.76753121542134,5.06393372701308,2.30854923196264,55.2755133998796,0,97.6003999333444,0,NaN
23,2,Previous inverse PI,1,5000,-20,2,30,NaN,NaN,NaN,3.9520371672338,14.4571109266508,3.72170655927999,0,Inf,1.85650684616662,10.5852328240629,2.30298827352661,279.888182496822,0,83.8526912181303,0.549908348608565,NaN
23,3,R1 retuned inverse PI,1,5000,-20,1.5,22,0,0.03,1,5.44086701660044,16.6332881353665,1.7350238763138,0,Inf,2.8603643546038,8.10391082431088,2.23285476874481,390.680251084297,0,80.4865855690718,0.649891684719213,0
23,4,R2 split feedback,0,5000,-20,16,40,0,0.03,0.05,NaN,NaN,NaN,NaN,NaN,NaN,NaN,NaN,NaN,NaN,91.7972350230415,8.94009216589862,0
23,5,R3 normalized feedback,1,5000,-20,0.025,0.1,0.002,0.03,1,1.68373711484515,15.3844043140216,2.52602559446949,0,1.33500000000001,1.69900368830274,9.49631595405684,2.3139497629532,28.2240061488615,0,98.7002166305616,0.599900016663889,98.6502249625062
24,1,Base PI,1,7500,-20,0.025,0.05,NaN,NaN,NaN,1.75608484462035,15.7000523086681,1.83974738547174,0,2.16,2.34787861521619,3.43274353438212,1.52379483377015,35.3188638749944,0,100,0,NaN
24,2,Previous inverse PI,1,7500,-20,2,30,NaN,NaN,NaN,14.1091379727308,30.2218724104678,2.29648187799959,0,Inf,2.71489501468966,6.54391568244995,1.50675003217728,978.914834991995,0,100,0.349941676387269,NaN
24,3,R1 retuned inverse PI,1,7500,-20,1.5,22,0,0.03,1,19.2149743365617,41.1696108658889,1.0707946814052,0,Inf,3.70686662115087,5.00831231075128,1.46165455447006,1333.12484079246,0,100,0.466588901849692,0
24,4,R2 split feedback,0,7500,-20,16,40,0,0.03,0.05,NaN,NaN,NaN,NaN,NaN,NaN,NaN,NaN,NaN,NaN,100,13.5309278350515,0
24,5,R3 normalized feedback,1,7500,-20,0.025,0.1,0.002,0.03,1,1.19681739671142,10.1720060784373,1.30426670196199,0,1.30500000000001,3.68724773822453,5.82493643979021,1.46236189051029,20.5138966887708,0,100,0.349941676387269,100
25,1,Base PI,1,10000,-20,0.025,0.05,NaN,NaN,NaN,1.11084131657647,10.123591385809,1.25092312802738,0,1.965,3.11853709417147,2.25267286974336,0.977491499912742,22.2488908408017,0,100,0,NaN
25,2,Previous inverse PI,1,10000,-20,2,30,NaN,NaN,NaN,6.85351301841123,12.9292828822527,1.51831350826552,0,Inf,3.53825945848305,4.25146932279247,0.964968613405393,492.270749616748,0,100,0,NaN
25,3,R1 retuned inverse PI,1,10000,-20,1.5,22,0,0.03,1,9.37293937157334,17.6809643805154,0.712109998473891,0,Inf,4.5031286249888,3.26107774774385,0.936347332586957,672.967300275944,0,100,0,0
25,4,R2 split feedback,0,10000,-20,16,40,0,0.03,0.05,NaN,NaN,NaN,NaN,NaN,NaN,NaN,NaN,NaN,NaN,100,16.8108776266996,0
25,5,R3 normalized feedback,1,10000,-20,0.025,0.1,0.002,0.03,1,0.753149227608511,6.58619639912831,0.942230805092439,0,1.23,4.26285816634044,3.84283405169163,0.943431598750669,12.77031012674,0,100,0,100
26,1,Base PI,1,0,30,0.025,0.05,NaN,NaN,NaN,2.00263808874618,17.5160914435364,1.73040817393749,0,2.37,21.6272203802022,3.91928296920669,1.59650740183906,42.1954666258582,0,0,0,NaN
26,2,Previous inverse PI,1,0,30,2,30,NaN,NaN,NaN,1.37615820522354,11.1739590086727,3.20404667334457,0,3.94500000000001,21.0693395970731,8.24232684187732,1.62580934360983,41.5824965343096,0,0,100,NaN
26,3,R1 retuned inverse PI,1,0,30,1.5,22,0,0.03,1,1.83480441425263,12.6907550132401,1.49512778521651,0,4.245,22.4048423010883,6.32673746338705,1.56522377633373,56.7467897531342,0,0,100,0
26,4,R2 split feedback,1,0,30,16,40,0,0.03,0.05,1.59933445441778,13.1277053983922,0.907702814600586,0,1.575,23.0051609296013,5.75360075345574,1.5389137998705,31.1784757637918,0,0,100,0
26,5,R3 normalized feedback,1,0,30,0.025,0.1,0.002,0.03,1,1.37786156620761,11.674720051129,1.38108460769721,0,1.33500000000001,22.9859799743043,6.85847294561183,1.54083191826384,23.5493879568013,0,0,100,0
27,1,Base PI,1,2500,30,0.025,0.05,NaN,NaN,NaN,1.93503342792537,16.8484750101125,1.65025805637811,0,2.325,17.7117097471383,3.72820886844802,1.56182986840216,40.5360909905386,0,0,0,NaN
27,2,Previous inverse PI,1,2500,30,2,30,NaN,NaN,NaN,1.45547944569548,10.4877627297719,2.95475907418365,0,Inf,17.3246318303471,7.90638754805529,1.58299461491264,50.6439921298259,0,0,0.399933344442593,NaN
27,3,R1 retuned inverse PI,1,2500,30,1.5,22,0,0.03,1,1.95130451216226,11.9048195614578,1.38020188946888,0,Inf,18.6100667583922,6.05412330564374,1.52699309353377,69.0923633079084,0,0,0.499916680553241,0
27,4,R2 split feedback,1,2500,30,16,40,0,0.03,0.05,1.92124217186932,13.3439586486165,0.473325071689589,0,1.41,19.884093199298,4.8008105859501,1.47693006552176,38.101780796385,0,0,0.599900016663889,0
27,5,R3 normalized feedback,1,2500,30,0.025,0.1,0.002,0.03,1,1.33321751951602,11.1046004854579,1.22508969622428,0,1.35000000000001,19.2249191439143,6.46957195917199,1.50122249584749,22.9729644757266,0,0,0.449925012497917,0
28,1,Base PI,1,5000,30,0.025,0.05,NaN,NaN,NaN,1.74711624639171,15.1534214473668,1.48781465461012,0,2.265,14.4309180214029,3.30524249119346,1.4361864645317,36.5793925705073,0,0,0,NaN
28,2,Previous inverse PI,1,5000,30,2,30,NaN,NaN,NaN,1.38496767653604,9.42645865425584,2.52864206875213,0,Inf,14.1801074622217,6.95149857677499,1.44910565607349,50.9610960573341,0,0,0.299950008331945,NaN
28,3,R1 retuned inverse PI,1,5000,30,1.5,22,0,0.03,1,1.86096341698476,10.72943517555,1.1831659881817,0,Inf,15.3629642220285,5.32271348040225,1.40133200045604,69.52710367807,0,0,0.449925012497917,0
28,4,R2 split feedback,1,5000,30,16,40,0,0.03,0.05,1.93047130823094,12.4561757098199,0.344285427175158,0,1.30500000000001,16.4212674397522,4.01497118167204,1.36187660534503,38.8163363442627,0,0,0.549908348608565,0
28,5,R3 normalized feedback,1,5000,30,0.025,0.1,0.002,0.03,1,1.20526778899603,9.92906700170715,1.0752287300013,0,1.33500000000001,15.9250096767941,5.73143684323741,1.37990835043779,20.8157431695116,0,0,0.349941676387269,0
29,1,Base PI,1,7500,30,0.025,0.05,NaN,NaN,NaN,1.55040142559823,13.3361230892369,1.33449609747289,0,2.175,9.53295467234899,2.86361679629468,1.29118338631188,32.2827332580366,0,0,0,NaN
29,2,Previous inverse PI,1,7500,30,2,30,NaN,NaN,NaN,1.40706937555596,8.18534666410778,2.22811663298243,0,Inf,9.45984735035738,6.21741111972168,1.29554975030728,61.7076119366353,0,0,0.0999833361106482,NaN
29,3,R1 retuned inverse PI,1,7500,30,1.5,22,0,0.03,1,1.89857053123778,9.38969252625066,1.04409245269703,0,Inf,10.5647102714372,4.76618447757205,1.25479680262747,84.1653652126347,0,0,0.299950008331945,0
29,4,R2 split feedback,1,7500,30,16,40,0,0.03,0.05,2.3467482226727,13.2617953110112,0.355650941215801,0,2.175,11.3278082720904,3.07531110614603,1.22835642664557,51.5968415259487,0,0,0.549908348608565,0
29,5,R3 normalized feedback,1,7500,30,0.025,0.1,0.002,0.03,1,1.0685093826356,8.73800933660459,0.924051234830656,0,1.32000000000001,11.016781542109,5.02003735864632,1.2390770504691,18.4966987703737,0,0,0.199966672221296,0
30,1,Base PI,1,10000,30,0.025,0.05,NaN,NaN,NaN,1.24324260286029,10.7353502190344,1.14119375769491,0,2.02500000000001,5.37437472425956,2.29127518088427,1.04823038037146,25.5239460796004,0,0,0,NaN
30,2,Previous inverse PI,1,10000,30,2,30,NaN,NaN,NaN,1.63950801574455,6.58167185731145,1.73119051100112,0,Inf,5.50719223934345,4.90874414128066,1.04434631818686,105.869465997103,0,0,0,NaN
30,3,R1 retuned inverse PI,1,10000,30,1.5,22,0,0.03,1,2.22528502451396,7.57738026987136,0.810709575890412,0,Inf,6.56191262212347,3.76427671220697,1.01214203481739,144.33611161719,0,0,0,0
30,4,R2 split feedback,1,10000,30,16,40,0,0.03,0.05,4.88879560326817,21.5021636220754,0.371518505945867,0,6.23999999999999,6.63867005328276,1.85468703259,1.00964796573517,161.754169676122,0,0,0.449925012497917,0
30,5,R3 normalized feedback,1,10000,30,0.025,0.1,0.002,0.03,1,0.85429460563429,7.01574981273734,0.77047001876155,0,1.27500000000001,6.81485232528054,3.99823794122403,1.00463710332789,14.7976522921789,0,0,0,0
31,1,Base PI,1,0,-30,0.025,0.05,NaN,NaN,NaN,4.53222378364973,38.6531841233336,3.70344675845108,0,2.7,6.67751071417229,8.34674400802333,3.85283241847448,95.3510726144737,0,0,0,NaN
31,2,Previous inverse PI,1,0,-30,2,30,NaN,NaN,NaN,3.58402503021484,24.4239040926368,6.79836617948059,0,Inf,6.58397919927478,19.6342294034357,3.86563821196756,133.659234565009,0,0,0.649891684719213,NaN
31,3,R1 retuned inverse PI,1,0,-30,1.5,22,0,0.03,1,4.80893871373437,28.403524745554,3.2077368964837,0,Inf,7.60168744731479,15.0784474335688,3.75092926530742,181.755749295533,0,0,0.799866688885186,0
31,4,R2 split feedback,1,0,-30,16,40,0,0.03,0.05,4.8238602617701,32.1981039294387,1.08994797338565,0,1.89,8.26281478320764,10.7202138124531,3.67769606412284,97.659354750121,0,0,1.04982502916181,0
31,5,R3 normalized feedback,1,0,-30,0.025,0.1,0.002,0.03,1,3.07240692942819,26.0968503580989,2.89737670440199,0,1.425,7.58375813458939,15.0700921392747,3.7535418304567,52.817467611293,0,0,0.799866688885186,0
32,1,Base PI,1,2500,-30,0.025,0.05,NaN,NaN,NaN,3.58297033046426,30.7794915256309,3.074976188022,0,2.565,3.21244157929224,6.64935455308671,3.08732335826468,74.7845943447786,0,0,0,NaN
32,2,Previous inverse PI,1,2500,-30,2,30,NaN,NaN,NaN,3.16851223691206,19.3011629721877,5.25687688315203,0,Inf,3.17107814204184,14.9500456044912,3.09222063534732,133.057439470818,0,0,0.649891684719213,NaN
32,3,R1 retuned inverse PI,1,2500,-30,1.5,22,0,0.03,1,4.27827022790252,22.2664131564743,2.44719565042948,0,Inf,4.20196249551071,11.4739892156859,2.99674883138516,181.77500835061,0,0,0.749875020829862,0
32,4,R2 split feedback,1,2500,-30,16,40,0,0.03,0.05,4.95639589589535,28.8275860773083,0.733457296971504,0,2.22,4.8756502424106,7.5554312266353,2.9368625067882,105.763943333675,0,0,1.14980836527245,0
32,5,R3 normalized feedback,1,2500,-30,0.025,0.1,0.002,0.03,1,2.46837189262363,20.5937757922911,2.18523395306555,0,1.395,4.44318945248474,11.8607431163963,2.97523968146306,42.5890911459606,0,0,0.749875020829862,0
33,1,Base PI,1,5000,-30,0.025,0.05,NaN,NaN,NaN,2.57662332154576,22.8747471700372,2.63747117993134,0,2.325,2.03315391636143,4.9337501471961,2.22017760663962,51.9368474592625,0,100,0,NaN
33,2,Previous inverse PI,1,5000,-30,2,30,NaN,NaN,NaN,40.8954701955313,113.266075696043,3.29166671518578,Inf,Inf,2.38659987343727,9.44565203205737,2.19655650485904,2586.77355162669,0,100,0.549908348608565,NaN
33,3,R1 retuned inverse PI,1,5000,-30,1.5,22,0,0.03,1,57.6198322998019,162.022179644009,1.53427629483477,Inf,Inf,3.37566552398606,7.22553215123371,2.13110984937244,3593.02304482367,0,100,0.633227795367439,0
33,4,R2 split feedback,1,5000,-30,16,40,0,0.03,0.05,215.885873387224,259.297366013325,1.28374713874208,Inf,Inf,3.61769102324789,5.33682343670225,2.11347675191415,18272.0603170344,0,13.9310114980837,4.44925845692385,0
33,5,R3 normalized feedback,1,5000,-30,0.025,0.1,0.002,0.03,1,1.75922320095122,14.7508747738157,1.81282668296752,0,1.33500000000001,3.43403084775264,8.36706482635282,2.12665917162286,30.249598672215,0,100,0.599900016663889,100
34,1,Base PI,1,7500,-30,0.025,0.05,NaN,NaN,NaN,1.64880554094792,14.8833160628074,1.8091087811501,0,2.13,2.82779998958088,3.29923036858948,1.45125447896037,32.9536797974198,0,100,0,NaN
34,2,Previous inverse PI,1,7500,-30,2,30,NaN,NaN,NaN,22.2010332917706,55.3066475554842,2.25233738958858,0,Inf,3.20252975975672,6.28294379043455,1.43477703318569,1456.21328140775,0,100,0.349941676387269,NaN
34,3,R1 retuned inverse PI,1,7500,-30,1.5,22,0,0.03,1,30.1881876066629,74.5440698354541,1.05962529183091,0,Inf,4.21203275961037,4.82316012946023,1.39098856990838,1983.91877360418,0,100,0.449925012497917,0
34,4,R2 split feedback,0,7500,-30,16,40,0,0.03,0.05,NaN,NaN,NaN,NaN,NaN,NaN,NaN,NaN,NaN,NaN,100,12.9533678756477,0
34,5,R3 normalized feedback,1,7500,-30,0.025,0.1,0.002,0.03,1,1.11922204290529,9.67748424808633,1.34398738980148,0,1.29000000000001,4.05824109277226,5.62442716636829,1.39733806218899,19.0625158682941,0,100,0.349941676387269,100
35,1,Base PI,1,10000,-30,0.025,0.05,NaN,NaN,NaN,1.05198642828149,9.74961609717684,1.25100901202237,0,1.95,3.44327270995045,2.18541583128124,0.930827449165334,21.053242103345,0,100,0,NaN
35,2,Previous inverse PI,1,10000,-30,2,30,NaN,NaN,NaN,4.95894859898137,9.54175904431031,1.38489714604749,0,Inf,4.00488236132769,3.97468446975643,0.914330599080518,360.359078648321,0,100,0,NaN
35,3,R1 retuned inverse PI,1,10000,-30,1.5,22,0,0.03,1,6.71769725348381,12.9301150169686,0.645145808639626,0,Inf,4.92951351126447,3.04563721814599,0.887737361893974,488.133123781929,0,100,0,0
35,4,R2 split feedback,0,10000,-30,16,40,0,0.03,0.05,NaN,NaN,NaN,NaN,NaN,NaN,NaN,NaN,NaN,NaN,100,17.5030599755202,0
35,5,R3 normalized feedback,1,10000,-30,0.025,0.1,0.002,0.03,1,0.711176126527498,6.34810352790373,0.979281108418323,0,1.215,4.50821450971607,3.73327257311996,0.899675758717557,11.9750784070532,0,100,0,100
36,1,Base PI,1,4000,5,0.025,0.05,NaN,NaN,NaN,2.5314669986778,21.5941997470763,2.03043073774102,0,2.46000000000001,9.01331445487584,4.67351800277499,2.13150789808411,53.4980821078904,0,0,0,NaN
36,2,Previous inverse PI,1,4000,5,2,30,NaN,NaN,NaN,1.81870282366845,13.3953145642463,3.81686954246018,0,Inf,8.72896394510115,10.5664654874435,2.15365152287719,61.262915904311,0,0,0.499916680553241,NaN
36,3,R1 retuned inverse PI,1,4000,5,1.5,22,0,0.03,1,2.43866609628209,15.3428988853975,1.79809574801825,0,Inf,9.81135535767976,8.10553925978027,2.08581938891155,83.6356184542756,0,0,0.649891684719213,0
36,4,R2 split feedback,1,4000,5,16,40,0,0.03,0.05,2.3229707398509,16.7690161818646,0.68612415168012,0,1.53,10.8418252169704,6.53607985815308,2.02495731565793,45.9242198036786,0,0,0.749875020829862,0
36,5,R3 normalized feedback,1,4000,5,0.025,0.1,0.002,0.03,1,1.75198180329535,14.3869253613029,1.45899020341547,0,1.38,10.443870465978,8.3502097379244,2.04894554364067,30.3340258704805,0,0,0.649891684719213,0
