environment,altitude_m,isa_delta_C,temperature_K,pressure_kPa,fuel_mean,speed_slope,accel_slope,equivalent_P,equivalent_I,equivalent_D,inverse_tail_tau_s,NcMap,gradient_check
1,0,0,288.15000803334,99.2988461167886,1.85086686196721,0.00203131168330121,0.00153390387464846,0.0500797396060562,0.0609393504990364,0.00306780774929692,0.75512974560143,0.949999986757465,6.04591255531917e-10
2,2500,0,271.902738464832,73.4442916025437,1.75616167026578,0.00167441871457495,0.0015682888402135,0.0503975026355548,0.0502325614372486,0.00313657768042699,0.936616884750719,0.977971337111093,1.59535284288692e-10
3,5000,0,255.676800657237,53.1431818867552,1.51764546525046,0.000627074377766878,0.00159977562951272,0.0492474176409152,0.0188122313330063,0.00319955125902543,2.55117365058001,1.00852636397559,2.84041797027346e-10
4,7500,0,239.455988115568,37.5898074200686,1.16678740650951,0.000507824565814385,0.00157859347742401,0.0483734534543492,0.0152347369744315,0.00315718695484803,3.10854098775719,1.0421256040905,5.03038555255131e-10
5,10000,0,223.251744631628,26.1131085846817,0.780819686525,-3.15634102477784e-05,0.00149432165389974,0.0447665227964966,-0.000946902307433352,0.00298864330779947,-47.3434791161363,1.0792833729632,1.37222368884471e-10
6,0,-10,278.150030372092,99.2988461167886,2.16646523437354,0.00231093577257284,0.00155753715630458,0.0513479862342832,0.0693280731771851,0.00311507431260917,0.673985480163531,0.966926274113581,4.59763234428312e-10
7,2500,-10,261.897755638512,73.4390073299834,2.0045861248354,0.0017259366425275,0.00160468515101868,0.0515924278156155,0.0517780992758251,0.00320937030203737,0.929747426109885,0.996476425991272,5.09743910276361e-10
8,5000,-10,245.67679944878,53.1431818867552,1.59759081319848,0.000658323817707016,0.00158910203031185,0.0489897085447696,0.0197497145312105,0.0031782040606237,2.41386075905137,1.0288471156818,5.92742733368512e-10
9,7500,-10,229.455959192675,37.5898074200686,1.15555197012909,-6.80014806240434e-05,0.00151917623689092,0.0454392841454796,-0.0020400444187213,0.00303835247378185,-22.3403405771401,1.0645921185034,9.60375154401838e-10
10,10000,-10,213.25185203414,26.1131085846817,0.745691431092574,-3.66715454565065e-05,0.00146416844368823,0.043851710219734,-0.0011001463636952,0.00292833688737647,-39.9265541024111,1.10429857425524,4.33869662419539e-10
11,0,10,298.150002121784,99.2988461167886,1.59579913902803,0.00181575210358481,0.00154416974596934,0.0499565965862497,0.0544725631075444,0.00308833949193867,0.850429826252551,0.933932543318727,2.13896613962539e-10
12,2500,10,281.907863287691,73.4491842176674,1.51259324965496,0.00164761265227747,0.00154642110053137,0.0496878583204959,0.049428379568324,0.00309284220106273,0.938582923840609,0.960460087747982,4.02771909574495e-10
13,5000,10,265.66760482218,53.1366302197149,1.38044902759665,0.00123236580134865,0.00158812984526168,0.0501086269605476,0.0369709740404594,0.00317625969052335,1.28868380112763,0.989381116513135,7.70515554138207e-10
14,7500,10,249.455992385176,37.5898074200686,1.10835087493598,0.000455747593077737,0.00159236715168476,0.0486825097366984,0.0136724277923321,0.00318473430336953,3.49396722192487,1.02102399088939,1.72241584970451e-09
15,10000,10,233.251835360765,26.1131085846817,0.816592285787399,-7.01720652153307e-05,0.00154855329207876,0.0463162546319323,-0.00210516195645992,0.00309710658415753,-22.0679452332899,1.05589414669177,5.89232658325389e-10
16,0,20,308.150000555949,99.2988461167886,1.35538033519636,0.00173561334070273,0.00153410956316963,0.0494945135764944,0.0520684002210819,0.00306821912633926,0.883900536595603,0.918653704797965,8.01947994122365e-10
17,2500,20,291.90784972362,73.4491842176674,1.2966988356344,0.00136569715027266,0.00153474235698726,0.0487736650101631,0.0409709145081797,0.00306948471397452,1.12377942406986,0.943865322263985,9.89637479603678e-10
18,5000,20,275.676843658536,53.1431818867552,1.20396493618326,0.00124237250810584,0.00156144733298032,0.0493281650056214,0.0372711752431752,0.00312289466596064,1.25682701668999,0.971253894860364,7.84586718510782e-11
19,7500,20,259.439368930853,37.5811821645197,1.05341773156887,0.00056660278653898,0.00160936243462132,0.0494140786117176,0.0169980835961694,0.00321872486924264,2.84037154926806,1.00118648308458,2.20165798786587e-10
20,10000,20,243.251849591291,26.1131085846817,0.794673678736868,0.000321937330217056,0.00158204146565618,0.0481051186301196,0.00965811990651168,0.00316408293131236,4.91412867401721,1.03396262790026,3.32654848111957e-10
21,0,-20,268.144318948029,99.291331590179,2.49680606862653,0.00228016725732072,0.00157580071843372,0.0518343560676529,0.0684050177196217,0.00315160143686743,0.691089968674201,0.984801308910407,1.19856199271018e-09
22,2500,-20,251.907844489366,73.4491842176674,2.13788594279256,0.000929513484945647,0.0016002751975488,0.0498672828963553,0.0278854045483694,0.0032005503950976,1.72162666111549,1.01604296076016,4.51785338306809e-10
23,5000,-20,235.676790500045,53.1431818867552,1.67672501255238,0.000234253721433496,0.00157410083599664,0.0476915325227662,0.00702761164300488,0.00314820167199328,6.71964068004581,1.05044788174461,7.19522930169372e-10
24,7500,-20,219.455774139497,37.5898074200686,1.10510514063672,-4.5446711332676e-05,0.00147973780530829,0.0443012407365833,-0.00136340133998028,0.00295947561061658,-32.5598434279746,1.08857764442168,8.65850731390783e-10
25,10000,-20,203.251854886868,26.1131085846817,0.710685945236783,-3.33604573598748e-05,0.0014151787275392,0.0423886409114564,-0.00100081372079624,0.00283035745507841,-42.4208431039483,1.13113817157957,5.27814883813371e-11
26,0,30,318.150000142355,99.2988461167886,1.1296349555841,0.00169476522490212,0.00148573285060857,0.0479615159680612,0.0508429567470636,0.00297146570121713,0.876659981440424,0.904101007827485,3.54849673950275e-10
27,2500,30,301.907846138217,73.4491842176674,1.11217816695472,0.00133194966439505,0.00154063516473636,0.048882954270881,0.0399584899318515,0.00308127032947272,1.15667671678576,0.928102018758102,4.51839534537646e-10
28,5000,30,285.676811982475,53.1431818867552,1.03043116872902,0.00119049503185087,0.00153592460124698,0.0484587281011111,0.035714850955526,0.00307184920249396,1.290156246061,0.954103352585817,2.92141293795067e-10
29,7500,30,269.447541514106,37.5856351443834,0.929206202957345,0.000850727332822094,0.00158124053812773,0.0491386708094761,0.0255218199846628,0.00316248107625546,1.85869252946455,0.982416854217459,3.64956009857309e-10
30,10000,30,253.251851580538,26.1131085846817,0.755492178143549,0.000315263684767414,0.00159504932589742,0.0484820071464573,0.00945791054302241,0.00319009865179483,5.05941344647471,1.01334330520555,3.32913325379325e-10
31,0,-30,258.138851493301,99.2831979223491,2.8018936334713,0.00119166736656952,0.00160025839503635,0.0503910865842295,0.0357500209970855,0.0032005167900727,1.34287338894163,1.00370533026201,2.62542047130276e-10
32,2500,-30,241.907841876359,73.4491842176674,2.25105869888992,0.000930237429349994,0.00158412623199761,0.0493842618186284,0.0279071228804998,0.00316825246399522,1.70292678193408,1.0368309286935,5.78418677538162e-10
33,5000,-30,225.676732465058,53.1431818867552,1.60724842243833,-6.52287599798662e-05,0.00150339073154373,0.0449712644263522,-0.00195686279939599,0.00300678146308746,-23.0479735013784,1.07346904310304,8.68094748862624e-10
34,7500,-30,209.455993547722,37.5898074200686,1.0541978085735,-5.36946733694106e-05,0.0014496803643374,0.0433830215833832,-0.00161084020108232,0.0028993607286748,-26.998588004509,1.11425995073467,5.88090222353177e-10
35,10000,-30,193.24656621093,26.1105966232425,0.677160377138314,-2.28392304496208e-05,0.00134107959078778,0.040186709262734,-0.000685176913488624,0.00268215918157555,-58.7182476986671,1.1600508440292,1.7166828765805e-10
36,4000,5,267.161443506004,60.6481711487663,1.54181598089003,0.00145757394250902,0.00157862979388032,0.0502740417014275,0.0437272182752706,0.00315725958776063,1.08305297442606,0.986611166637816,9.38931307703506e-10
